[
    {
        "id": "C06FAEDFF",
        "name": "competition",
        "created": "1434559323",
        "creator": "U06F21XJR",
        "is_archived": false,
        "is_general": false,
        "members": [
            "U06F21XJR",
            "U06GY740J",
            "U06HB3LLR"
        ],
        "topic": {
            "value": "",
            "creator": "",
            "last_set": "0"
        },
        "purpose": {
            "value": "Share similar apps",
            "creator": "U06F21XJR",
            "last_set": "1434559325"
        }
    },
    {
        "id": "C06LRMZML",
        "name": "dev",
        "created": "1434987295",
        "creator": "U06GY740J",
        "is_archived": false,
        "is_general": false,
        "members": [
            "U06F21XJR",
            "U06FG8ZR8",
            "U06FLV9PA",
            "U06GY740J"
        ],
        "topic": {
            "value": "",
            "creator": "",
            "last_set": "0"
        },
        "purpose": {
            "value": "",
            "creator": "",
            "last_set": "0"
        }
    },
    {
        "id": "C06F1SXLG",
        "name": "general",
        "created": "1434550875",
        "creator": "U06F21XJR",
        "is_archived": false,
        "is_general": true,
        "members": [
            "U06F21XJR",
            "U06F25KCP",
            "U06F27T8C",
            "U06FG8ZR8",
            "U06FLV9PA",
            "U06GSS1QB",
            "U06GU12K1",
            "U06GY740J",
            "U06H7NYLQ",
            "U06HB3LLR",
            "U06KB0ZFY",
            "U06LQ040J",
            "U06LS18AG",
            "U06MW9GA2",
            "U06N32XTM"
        ],
        "pins": [
            {
                "id": "1434748303.000143",
                "type": "C",
                "user": "U06F21XJR",
                "owner": "U06F21XJR",
                "created": "1434748344"
            },
            {
                "id": "1434814171.000029",
                "type": "C",
                "user": "U06F21XJR",
                "owner": "U06GY740J",
                "created": "1434815200"
            },
            {
                "id": "F06FMHXDG",
                "type": "F",
                "user": "U06F25KCP",
                "owner": "U06F21XJR",
                "created": "1434571554"
            }
        ],
        "topic": {
            "value": "Company-wide announcements and work-based matters",
            "creator": "",
            "last_set": "0"
        },
        "purpose": {
            "value": "This channel is for team-wide communication and announcements. All team members are in this channel.",
            "creator": "",
            "last_set": "0"
        }
    },
    {
        "id": "C06F4LXNC",
        "name": "github",
        "created": "1434553649",
        "creator": "U06F25KCP",
        "is_archived": false,
        "is_general": false,
        "members": [
            "U06F25KCP",
            "U06F27T8C",
            "U06GU12K1",
            "U06GY740J",
            "U06HB3LLR"
        ],
        "topic": {
            "value": "",
            "creator": "",
            "last_set": "0"
        },
        "purpose": {
            "value": "",
            "creator": "",
            "last_set": "0"
        }
    },
    {
        "id": "C06Q27L12",
        "name": "interestingpages",
        "created": "1435179834",
        "creator": "U06F21XJR",
        "is_archived": false,
        "is_general": false,
        "members": [
            "U06F21XJR"
        ],
        "topic": {
            "value": "",
            "creator": "",
            "last_set": "0"
        },
        "purpose": {
            "value": "drop in here suggested use cases to highlight either in the homepage of the app  or About",
            "creator": "U06F21XJR",
            "last_set": "1435179834"
        }
    },
    {
        "id": "C06HCRWP2",
        "name": "jenkins",
        "created": "1434662456",
        "creator": "U06F21XJR",
        "is_archived": false,
        "is_general": false,
        "members": [
            "U06F21XJR",
            "U06FLV9PA",
            "U06GSS1QB",
            "U06GU12K1",
            "U06GY740J",
            "U06H7NYLQ",
            "U06HB3LLR"
        ],
        "topic": {
            "value": "",
            "creator": "",
            "last_set": "0"
        },
        "purpose": {
            "value": "",
            "creator": "",
            "last_set": "0"
        }
    },
    {
        "id": "C06F21XM3",
        "name": "random",
        "created": "1434550875",
        "creator": "U06F21XJR",
        "is_archived": false,
        "is_general": false,
        "members": [
            "U06F21XJR",
            "U06F25KCP",
            "U06F27T8C",
            "U06FG8ZR8",
            "U06FLV9PA",
            "U06GSS1QB",
            "U06GU12K1",
            "U06GY740J",
            "U06H7NYLQ",
            "U06HB3LLR",
            "U06KB0ZFY",
            "U06LQ040J",
            "U06LS18AG",
            "U06MW9GA2",
            "U06N32XTM"
        ],
        "topic": {
            "value": "Non-work banter and water cooler conversation",
            "creator": "",
            "last_set": "0"
        },
        "purpose": {
            "value": "A place for non-work-related flimflam, faffing, hodge-podge or jibber-jabber you'd prefer to keep out of more focused work-related channels.",
            "creator": "",
            "last_set": "0"
        }
    },
    {
        "id": "C06HGD9J7",
        "name": "research",
        "created": "1434667916",
        "creator": "U06F21XJR",
        "is_archived": false,
        "is_general": false,
        "members": [
            "U06F21XJR",
            "U06GY740J"
        ],
        "topic": {
            "value": "",
            "creator": "",
            "last_set": "0"
        },
        "purpose": {
            "value": "",
            "creator": "",
            "last_set": "0"
        }
    },
    {
        "id": "C06PBDR35",
        "name": "retrospective",
        "created": "1435152311",
        "creator": "U06F21XJR",
        "is_archived": false,
        "is_general": false,
        "members": [
            "U06F21XJR",
            "U06F27T8C",
            "U06H7NYLQ"
        ],
        "topic": {
            "value": "",
            "creator": "",
            "last_set": "0"
        },
        "purpose": {
            "value": "Start\/Stop\/Continue",
            "creator": "U06F21XJR",
            "last_set": "1435152311"
        }
    },
    {
        "id": "C06GRCYSJ",
        "name": "testing",
        "created": "1434638631",
        "creator": "U06F25KCP",
        "is_archived": false,
        "is_general": false,
        "members": [
            "U06F25KCP",
            "U06FLV9PA",
            "U06MW9GA2"
        ],
        "topic": {
            "value": "",
            "creator": "",
            "last_set": "0"
        },
        "purpose": {
            "value": "",
            "creator": "",
            "last_set": "0"
        }
    }
]