[
    {
        "id": "U06N32XTM",
        "name": "alfred.kwentua",
        "deleted": false,
        "status": null,
        "color": "d58247",
        "real_name": "alfred kwentua",
        "tz": "America\/Indiana\/Indianapolis",
        "tz_label": "Eastern Daylight Time",
        "tz_offset": -14400,
        "profile": {
            "first_name": "alfred",
            "last_name": "kwentua",
            "title": "Ruby all day from now till i die",
            "skype": "kwnetuaa",
            "phone": "2404753739",
            "real_name": "alfred kwentua",
            "real_name_normalized": "alfred kwentua",
            "email": "alfred.kwentua@eglobaltech.com",
            "image_24": "https:\/\/secure.gravatar.com\/avatar\/2b15f85ed7f51103b801e62703f5b5d8.jpg?s=24&d=https%3A%2F%2Fslack.global.ssl.fastly.net%2F3654%2Fimg%2Favatars%2Fava_0012-24.png",
            "image_32": "https:\/\/secure.gravatar.com\/avatar\/2b15f85ed7f51103b801e62703f5b5d8.jpg?s=32&d=https%3A%2F%2Fslack.global.ssl.fastly.net%2F3654%2Fimg%2Favatars%2Fava_0012-32.png",
            "image_48": "https:\/\/secure.gravatar.com\/avatar\/2b15f85ed7f51103b801e62703f5b5d8.jpg?s=48&d=https%3A%2F%2Fslack.global.ssl.fastly.net%2F3654%2Fimg%2Favatars%2Fava_0012-48.png",
            "image_72": "https:\/\/secure.gravatar.com\/avatar\/2b15f85ed7f51103b801e62703f5b5d8.jpg?s=72&d=https%3A%2F%2Fslack.global.ssl.fastly.net%2F3654%2Fimg%2Favatars%2Fava_0012-72.png",
            "image_192": "https:\/\/secure.gravatar.com\/avatar\/2b15f85ed7f51103b801e62703f5b5d8.jpg?s=192&d=https%3A%2F%2Fslack.global.ssl.fastly.net%2F3654%2Fimg%2Favatars%2Fava_0012.png"
        },
        "is_admin": false,
        "is_owner": false,
        "is_primary_owner": false,
        "is_restricted": false,
        "is_ultra_restricted": false,
        "is_bot": false
    },
    {
        "id": "U06LS18AG",
        "name": "cgotcuegt",
        "deleted": false,
        "status": null,
        "color": "4cc091",
        "real_name": "Chris Gotcu",
        "tz": "America\/Indiana\/Indianapolis",
        "tz_label": "Eastern Daylight Time",
        "tz_offset": -14400,
        "profile": {
            "first_name": "Chris",
            "last_name": "Gotcu",
            "image_24": "https:\/\/s3-us-west-2.amazonaws.com\/slack-files2\/avatars\/2015-06-22\/6706236913_7ef5c443609424f683b3_24.jpg",
            "image_32": "https:\/\/s3-us-west-2.amazonaws.com\/slack-files2\/avatars\/2015-06-22\/6706236913_7ef5c443609424f683b3_32.jpg",
            "image_48": "https:\/\/s3-us-west-2.amazonaws.com\/slack-files2\/avatars\/2015-06-22\/6706236913_7ef5c443609424f683b3_48.jpg",
            "image_72": "https:\/\/s3-us-west-2.amazonaws.com\/slack-files2\/avatars\/2015-06-22\/6706236913_7ef5c443609424f683b3_72.jpg",
            "image_192": "https:\/\/s3-us-west-2.amazonaws.com\/slack-files2\/avatars\/2015-06-22\/6706236913_7ef5c443609424f683b3_72.jpg",
            "image_original": "https:\/\/s3-us-west-2.amazonaws.com\/slack-files2\/avatars\/2015-06-22\/6706236913_7ef5c443609424f683b3_original.jpg",
            "real_name": "Chris Gotcu",
            "real_name_normalized": "Chris Gotcu",
            "email": "chris.gotcu@eglobaltech.com"
        },
        "is_admin": false,
        "is_owner": false,
        "is_primary_owner": false,
        "is_restricted": false,
        "is_ultra_restricted": false,
        "is_bot": false
    },
    {
        "id": "U06F25KCP",
        "name": "eldrew",
        "deleted": false,
        "status": null,
        "color": "4bbe2e",
        "real_name": "Laundrew Diamond",
        "tz": "America\/Indiana\/Indianapolis",
        "tz_label": "Eastern Daylight Time",
        "tz_offset": -14400,
        "profile": {
            "first_name": "Laundrew",
            "last_name": "Diamond",
            "title": "Management Consultant & Agile Coach",
            "skype": "Laundrew",
            "phone": "202-230-4565",
            "image_24": "https:\/\/s3-us-west-2.amazonaws.com\/slack-files2\/avatars\/2015-06-18\/6583780101_5d5472360270dcbf8a38_24.jpg",
            "image_32": "https:\/\/s3-us-west-2.amazonaws.com\/slack-files2\/avatars\/2015-06-18\/6583780101_5d5472360270dcbf8a38_32.jpg",
            "image_48": "https:\/\/s3-us-west-2.amazonaws.com\/slack-files2\/avatars\/2015-06-18\/6583780101_5d5472360270dcbf8a38_48.jpg",
            "image_72": "https:\/\/s3-us-west-2.amazonaws.com\/slack-files2\/avatars\/2015-06-18\/6583780101_5d5472360270dcbf8a38_72.jpg",
            "image_192": "https:\/\/s3-us-west-2.amazonaws.com\/slack-files2\/avatars\/2015-06-18\/6583780101_5d5472360270dcbf8a38_192.jpg",
            "image_original": "https:\/\/s3-us-west-2.amazonaws.com\/slack-files2\/avatars\/2015-06-18\/6583780101_5d5472360270dcbf8a38_original.jpg",
            "real_name": "Laundrew Diamond",
            "real_name_normalized": "Laundrew Diamond",
            "email": "laundrew.diamond@eglobaltech.com"
        },
        "is_admin": false,
        "is_owner": false,
        "is_primary_owner": false,
        "is_restricted": false,
        "is_ultra_restricted": false,
        "is_bot": false
    },
    {
        "id": "U06GY740J",
        "name": "eric.hanson.egt",
        "deleted": false,
        "status": null,
        "color": "684b6c",
        "real_name": "",
        "tz": "America\/Indiana\/Indianapolis",
        "tz_label": "Eastern Daylight Time",
        "tz_offset": -14400,
        "profile": {
            "real_name": "",
            "real_name_normalized": "",
            "email": "eric.hanson@eglobaltech.com",
            "image_24": "https:\/\/secure.gravatar.com\/avatar\/1faf278c0b41fbd32819c268d3ef324f.jpg?s=24&d=https%3A%2F%2Fslack.global.ssl.fastly.net%2F3654%2Fimg%2Favatars%2Fava_0017-24.png",
            "image_32": "https:\/\/secure.gravatar.com\/avatar\/1faf278c0b41fbd32819c268d3ef324f.jpg?s=32&d=https%3A%2F%2Fslack.global.ssl.fastly.net%2F3654%2Fimg%2Favatars%2Fava_0017-32.png",
            "image_48": "https:\/\/secure.gravatar.com\/avatar\/1faf278c0b41fbd32819c268d3ef324f.jpg?s=48&d=https%3A%2F%2Fslack.global.ssl.fastly.net%2F3654%2Fimg%2Favatars%2Fava_0017-48.png",
            "image_72": "https:\/\/secure.gravatar.com\/avatar\/1faf278c0b41fbd32819c268d3ef324f.jpg?s=72&d=https%3A%2F%2Fslack.global.ssl.fastly.net%2F3654%2Fimg%2Favatars%2Fava_0017-72.png",
            "image_192": "https:\/\/secure.gravatar.com\/avatar\/1faf278c0b41fbd32819c268d3ef324f.jpg?s=192&d=https%3A%2F%2Fslack.global.ssl.fastly.net%2F3654%2Fimg%2Favatars%2Fava_0017.png"
        },
        "is_admin": true,
        "is_owner": false,
        "is_primary_owner": false,
        "is_restricted": false,
        "is_ultra_restricted": false,
        "is_bot": false
    },
    {
        "id": "U06H7NYLQ",
        "name": "jaibapna",
        "deleted": false,
        "status": null,
        "color": "5b89d5",
        "real_name": "",
        "tz": "America\/Denver",
        "tz_label": "Mountain Daylight Time",
        "tz_offset": -21600,
        "profile": {
            "real_name": "",
            "real_name_normalized": "",
            "email": "jai.bapna@eglobaltech.com",
            "image_24": "https:\/\/secure.gravatar.com\/avatar\/5bb6de1c4abd176b1b4566f0ee54a4fa.jpg?s=24&d=https%3A%2F%2Fslack.global.ssl.fastly.net%2F3654%2Fimg%2Favatars%2Fava_0026-24.png",
            "image_32": "https:\/\/secure.gravatar.com\/avatar\/5bb6de1c4abd176b1b4566f0ee54a4fa.jpg?s=32&d=https%3A%2F%2Fslack.global.ssl.fastly.net%2F3654%2Fimg%2Favatars%2Fava_0026-32.png",
            "image_48": "https:\/\/secure.gravatar.com\/avatar\/5bb6de1c4abd176b1b4566f0ee54a4fa.jpg?s=48&d=https%3A%2F%2Fslack.global.ssl.fastly.net%2F272a%2Fimg%2Favatars%2Fava_0026-48.png",
            "image_72": "https:\/\/secure.gravatar.com\/avatar\/5bb6de1c4abd176b1b4566f0ee54a4fa.jpg?s=72&d=https%3A%2F%2Fslack.global.ssl.fastly.net%2F3654%2Fimg%2Favatars%2Fava_0026-72.png",
            "image_192": "https:\/\/secure.gravatar.com\/avatar\/5bb6de1c4abd176b1b4566f0ee54a4fa.jpg?s=192&d=https%3A%2F%2Fslack.global.ssl.fastly.net%2F272a%2Fimg%2Favatars%2Fava_0026.png"
        },
        "is_admin": true,
        "is_owner": false,
        "is_primary_owner": false,
        "is_restricted": false,
        "is_ultra_restricted": false,
        "is_bot": false
    },
    {
        "id": "U06LQ040J",
        "name": "jared",
        "deleted": false,
        "status": null,
        "color": "df3dc0",
        "real_name": "Jared Greene",
        "tz": "America\/Indiana\/Indianapolis",
        "tz_label": "Eastern Daylight Time",
        "tz_offset": -14400,
        "profile": {
            "first_name": "Jared",
            "last_name": "Greene",
            "image_24": "https:\/\/s3-us-west-2.amazonaws.com\/slack-files2\/avatars\/2015-06-22\/6704667699_a266cb31aa75b7f086f8_24.jpg",
            "image_32": "https:\/\/s3-us-west-2.amazonaws.com\/slack-files2\/avatars\/2015-06-22\/6704667699_a266cb31aa75b7f086f8_32.jpg",
            "image_48": "https:\/\/s3-us-west-2.amazonaws.com\/slack-files2\/avatars\/2015-06-22\/6704667699_a266cb31aa75b7f086f8_48.jpg",
            "image_72": "https:\/\/s3-us-west-2.amazonaws.com\/slack-files2\/avatars\/2015-06-22\/6704667699_a266cb31aa75b7f086f8_72.jpg",
            "image_192": "https:\/\/s3-us-west-2.amazonaws.com\/slack-files2\/avatars\/2015-06-22\/6704667699_a266cb31aa75b7f086f8_192.jpg",
            "image_original": "https:\/\/s3-us-west-2.amazonaws.com\/slack-files2\/avatars\/2015-06-22\/6704667699_a266cb31aa75b7f086f8_original.jpg",
            "real_name": "Jared Greene",
            "real_name_normalized": "Jared Greene",
            "email": "jared.greene@eglobaltech.com"
        },
        "is_admin": false,
        "is_owner": false,
        "is_primary_owner": false,
        "is_restricted": false,
        "is_ultra_restricted": false,
        "is_bot": false
    },
    {
        "id": "U06F21XJR",
        "name": "jenhin",
        "deleted": false,
        "status": null,
        "color": "9f69e7",
        "real_name": "",
        "tz": "America\/Indiana\/Indianapolis",
        "tz_label": "Eastern Daylight Time",
        "tz_offset": -14400,
        "profile": {
            "real_name": "",
            "real_name_normalized": "",
            "email": "jennifer.hinton@eglobaltech.com",
            "image_24": "https:\/\/secure.gravatar.com\/avatar\/6267446f5e819b2cf9a2f9ca6d0c14e2.jpg?s=24&d=https%3A%2F%2Fslack.global.ssl.fastly.net%2F3654%2Fimg%2Favatars%2Fava_0000-24.png",
            "image_32": "https:\/\/secure.gravatar.com\/avatar\/6267446f5e819b2cf9a2f9ca6d0c14e2.jpg?s=32&d=https%3A%2F%2Fslack.global.ssl.fastly.net%2F3654%2Fimg%2Favatars%2Fava_0000-32.png",
            "image_48": "https:\/\/secure.gravatar.com\/avatar\/6267446f5e819b2cf9a2f9ca6d0c14e2.jpg?s=48&d=https%3A%2F%2Fslack.global.ssl.fastly.net%2F3654%2Fimg%2Favatars%2Fava_0000-48.png",
            "image_72": "https:\/\/secure.gravatar.com\/avatar\/6267446f5e819b2cf9a2f9ca6d0c14e2.jpg?s=72&d=https%3A%2F%2Fslack.global.ssl.fastly.net%2F3654%2Fimg%2Favatars%2Fava_0000-72.png",
            "image_192": "https:\/\/secure.gravatar.com\/avatar\/6267446f5e819b2cf9a2f9ca6d0c14e2.jpg?s=192&d=https%3A%2F%2Fslack.global.ssl.fastly.net%2F3654%2Fimg%2Favatars%2Fava_0000.png"
        },
        "is_admin": true,
        "is_owner": true,
        "is_primary_owner": true,
        "is_restricted": false,
        "is_ultra_restricted": false,
        "is_bot": false
    },
    {
        "id": "U06MW9GA2",
        "name": "jkarau",
        "deleted": false,
        "status": null,
        "color": "9b3b45",
        "real_name": "",
        "tz": "America\/Indiana\/Indianapolis",
        "tz_label": "Eastern Daylight Time",
        "tz_offset": -14400,
        "profile": {
            "real_name": "",
            "real_name_normalized": "",
            "email": "john.karau@eglobaltech.com",
            "image_24": "https:\/\/secure.gravatar.com\/avatar\/a910cb2d76a7ff1166304823b89dbbd5.jpg?s=24&d=https%3A%2F%2Fslack.global.ssl.fastly.net%2F3654%2Fimg%2Favatars%2Fava_0016-24.png",
            "image_32": "https:\/\/secure.gravatar.com\/avatar\/a910cb2d76a7ff1166304823b89dbbd5.jpg?s=32&d=https%3A%2F%2Fslack.global.ssl.fastly.net%2F3654%2Fimg%2Favatars%2Fava_0016-32.png",
            "image_48": "https:\/\/secure.gravatar.com\/avatar\/a910cb2d76a7ff1166304823b89dbbd5.jpg?s=48&d=https%3A%2F%2Fslack.global.ssl.fastly.net%2F3654%2Fimg%2Favatars%2Fava_0016-48.png",
            "image_72": "https:\/\/secure.gravatar.com\/avatar\/a910cb2d76a7ff1166304823b89dbbd5.jpg?s=72&d=https%3A%2F%2Fslack.global.ssl.fastly.net%2F3654%2Fimg%2Favatars%2Fava_0016-72.png",
            "image_192": "https:\/\/secure.gravatar.com\/avatar\/a910cb2d76a7ff1166304823b89dbbd5.jpg?s=192&d=https%3A%2F%2Fslack.global.ssl.fastly.net%2F3654%2Fimg%2Favatars%2Fava_0016.png"
        },
        "is_admin": false,
        "is_owner": false,
        "is_primary_owner": false,
        "is_restricted": false,
        "is_ultra_restricted": false,
        "is_bot": false
    },
    {
        "id": "U06GU12K1",
        "name": "john.stange",
        "deleted": false,
        "status": null,
        "color": "e0a729",
        "real_name": "John Stange",
        "tz": "America\/Indiana\/Indianapolis",
        "tz_label": "Eastern Daylight Time",
        "tz_offset": -14400,
        "profile": {
            "first_name": "John",
            "last_name": "Stange",
            "real_name": "John Stange",
            "real_name_normalized": "John Stange",
            "email": "john.stange@eglobaltech.com",
            "image_24": "https:\/\/secure.gravatar.com\/avatar\/d0cab710a577c4d28d6f0b92cb0ee480.jpg?s=24&d=https%3A%2F%2Fslack.global.ssl.fastly.net%2F3654%2Fimg%2Favatars%2Fava_0008-24.png",
            "image_32": "https:\/\/secure.gravatar.com\/avatar\/d0cab710a577c4d28d6f0b92cb0ee480.jpg?s=32&d=https%3A%2F%2Fslack.global.ssl.fastly.net%2F3654%2Fimg%2Favatars%2Fava_0008-32.png",
            "image_48": "https:\/\/secure.gravatar.com\/avatar\/d0cab710a577c4d28d6f0b92cb0ee480.jpg?s=48&d=https%3A%2F%2Fslack.global.ssl.fastly.net%2F3654%2Fimg%2Favatars%2Fava_0008-48.png",
            "image_72": "https:\/\/secure.gravatar.com\/avatar\/d0cab710a577c4d28d6f0b92cb0ee480.jpg?s=72&d=https%3A%2F%2Fslack.global.ssl.fastly.net%2F3654%2Fimg%2Favatars%2Fava_0008-72.png",
            "image_192": "https:\/\/secure.gravatar.com\/avatar\/d0cab710a577c4d28d6f0b92cb0ee480.jpg?s=192&d=https%3A%2F%2Fslack.global.ssl.fastly.net%2F3654%2Fimg%2Favatars%2Fava_0008.png"
        },
        "is_admin": true,
        "is_owner": false,
        "is_primary_owner": false,
        "is_restricted": false,
        "is_ultra_restricted": false,
        "is_bot": false
    },
    {
        "id": "U06FG8ZR8",
        "name": "mpandurangi",
        "deleted": false,
        "status": null,
        "color": "3c989f",
        "real_name": "",
        "tz": "America\/Indiana\/Indianapolis",
        "tz_label": "Eastern Daylight Time",
        "tz_offset": -14400,
        "profile": {
            "real_name": "",
            "real_name_normalized": "",
            "email": "manasa.pandurangi@eglobaltech.com",
            "image_24": "https:\/\/secure.gravatar.com\/avatar\/5924af59a9474d02043a8023f4723480.jpg?s=24&d=https%3A%2F%2Fslack.global.ssl.fastly.net%2F3654%2Fimg%2Favatars%2Fava_0002-24.png",
            "image_32": "https:\/\/secure.gravatar.com\/avatar\/5924af59a9474d02043a8023f4723480.jpg?s=32&d=https%3A%2F%2Fslack.global.ssl.fastly.net%2F3654%2Fimg%2Favatars%2Fava_0002-32.png",
            "image_48": "https:\/\/secure.gravatar.com\/avatar\/5924af59a9474d02043a8023f4723480.jpg?s=48&d=https%3A%2F%2Fslack.global.ssl.fastly.net%2F272a%2Fimg%2Favatars%2Fava_0002-48.png",
            "image_72": "https:\/\/secure.gravatar.com\/avatar\/5924af59a9474d02043a8023f4723480.jpg?s=72&d=https%3A%2F%2Fslack.global.ssl.fastly.net%2F3654%2Fimg%2Favatars%2Fava_0002-72.png",
            "image_192": "https:\/\/secure.gravatar.com\/avatar\/5924af59a9474d02043a8023f4723480.jpg?s=192&d=https%3A%2F%2Fslack.global.ssl.fastly.net%2F3654%2Fimg%2Favatars%2Fava_0002.png"
        },
        "is_admin": false,
        "is_owner": false,
        "is_primary_owner": false,
        "is_restricted": false,
        "is_ultra_restricted": false,
        "is_bot": false
    },
    {
        "id": "U06KB0ZFY",
        "name": "pgrady",
        "deleted": false,
        "status": null,
        "color": "99a949",
        "real_name": "Patrick Grady",
        "tz": "America\/Indiana\/Indianapolis",
        "tz_label": "Eastern Daylight Time",
        "tz_offset": -14400,
        "profile": {
            "first_name": "Patrick",
            "last_name": "Grady",
            "real_name": "Patrick Grady",
            "real_name_normalized": "Patrick Grady",
            "email": "patrick.grady@eglobaltech.com",
            "image_24": "https:\/\/secure.gravatar.com\/avatar\/437e4f01133f663fda41b33dc3adda53.jpg?s=24&d=https%3A%2F%2Fslack.global.ssl.fastly.net%2F3654%2Fimg%2Favatars%2Fava_0008-24.png",
            "image_32": "https:\/\/secure.gravatar.com\/avatar\/437e4f01133f663fda41b33dc3adda53.jpg?s=32&d=https%3A%2F%2Fslack.global.ssl.fastly.net%2F3654%2Fimg%2Favatars%2Fava_0008-32.png",
            "image_48": "https:\/\/secure.gravatar.com\/avatar\/437e4f01133f663fda41b33dc3adda53.jpg?s=48&d=https%3A%2F%2Fslack.global.ssl.fastly.net%2F3654%2Fimg%2Favatars%2Fava_0008-48.png",
            "image_72": "https:\/\/secure.gravatar.com\/avatar\/437e4f01133f663fda41b33dc3adda53.jpg?s=72&d=https%3A%2F%2Fslack.global.ssl.fastly.net%2F3654%2Fimg%2Favatars%2Fava_0008-72.png",
            "image_192": "https:\/\/secure.gravatar.com\/avatar\/437e4f01133f663fda41b33dc3adda53.jpg?s=192&d=https%3A%2F%2Fslack.global.ssl.fastly.net%2F3654%2Fimg%2Favatars%2Fava_0008.png"
        },
        "is_admin": false,
        "is_owner": false,
        "is_primary_owner": false,
        "is_restricted": false,
        "is_ultra_restricted": false,
        "is_bot": false
    },
    {
        "id": "U06HB3LLR",
        "name": "rkadayam",
        "deleted": false,
        "status": null,
        "color": "2b6836",
        "real_name": "",
        "tz": "America\/Indiana\/Indianapolis",
        "tz_label": "Eastern Daylight Time",
        "tz_offset": -14400,
        "profile": {
            "real_name": "",
            "real_name_normalized": "",
            "email": "rajiv.kadayam@eglobaltech.com",
            "image_24": "https:\/\/secure.gravatar.com\/avatar\/21d17d3ce53bd26f558b47f25cd22b2a.jpg?s=24&d=https%3A%2F%2Fslack.global.ssl.fastly.net%2F3654%2Fimg%2Favatars%2Fava_0017-24.png",
            "image_32": "https:\/\/secure.gravatar.com\/avatar\/21d17d3ce53bd26f558b47f25cd22b2a.jpg?s=32&d=https%3A%2F%2Fslack.global.ssl.fastly.net%2F3654%2Fimg%2Favatars%2Fava_0017-32.png",
            "image_48": "https:\/\/secure.gravatar.com\/avatar\/21d17d3ce53bd26f558b47f25cd22b2a.jpg?s=48&d=https%3A%2F%2Fslack.global.ssl.fastly.net%2F3654%2Fimg%2Favatars%2Fava_0017-48.png",
            "image_72": "https:\/\/secure.gravatar.com\/avatar\/21d17d3ce53bd26f558b47f25cd22b2a.jpg?s=72&d=https%3A%2F%2Fslack.global.ssl.fastly.net%2F3654%2Fimg%2Favatars%2Fava_0017-72.png",
            "image_192": "https:\/\/secure.gravatar.com\/avatar\/21d17d3ce53bd26f558b47f25cd22b2a.jpg?s=192&d=https%3A%2F%2Fslack.global.ssl.fastly.net%2F3654%2Fimg%2Favatars%2Fava_0017.png"
        },
        "is_admin": true,
        "is_owner": true,
        "is_primary_owner": false,
        "is_restricted": false,
        "is_ultra_restricted": false,
        "is_bot": false
    },
    {
        "id": "U06GSS1QB",
        "name": "robert.patt-corner",
        "deleted": false,
        "status": null,
        "color": "e96699",
        "real_name": "Robert Patt-corner",
        "tz": "America\/Indiana\/Indianapolis",
        "tz_label": "Eastern Daylight Time",
        "tz_offset": -14400,
        "profile": {
            "first_name": "Robert",
            "last_name": "Patt-corner",
            "image_24": "https:\/\/s3-us-west-2.amazonaws.com\/slack-files2\/avatars\/2015-06-24\/6818785488_c12e2452f08588237389_24.jpg",
            "image_32": "https:\/\/s3-us-west-2.amazonaws.com\/slack-files2\/avatars\/2015-06-24\/6818785488_c12e2452f08588237389_32.jpg",
            "image_48": "https:\/\/s3-us-west-2.amazonaws.com\/slack-files2\/avatars\/2015-06-24\/6818785488_c12e2452f08588237389_48.jpg",
            "image_72": "https:\/\/s3-us-west-2.amazonaws.com\/slack-files2\/avatars\/2015-06-24\/6818785488_c12e2452f08588237389_72.jpg",
            "image_192": "https:\/\/s3-us-west-2.amazonaws.com\/slack-files2\/avatars\/2015-06-24\/6818785488_c12e2452f08588237389_192.jpg",
            "image_original": "https:\/\/s3-us-west-2.amazonaws.com\/slack-files2\/avatars\/2015-06-24\/6818785488_c12e2452f08588237389_original.jpg",
            "real_name": "Robert Patt-corner",
            "real_name_normalized": "Robert Patt-corner",
            "email": "robert.patt-corner@eglobaltech.com"
        },
        "is_admin": true,
        "is_owner": false,
        "is_primary_owner": false,
        "is_restricted": false,
        "is_ultra_restricted": false,
        "is_bot": false
    },
    {
        "id": "U06F27T8C",
        "name": "sheyaml",
        "deleted": false,
        "status": null,
        "color": "e7392d",
        "real_name": "",
        "tz": "America\/Indiana\/Indianapolis",
        "tz_label": "Eastern Daylight Time",
        "tz_offset": -14400,
        "profile": {
            "real_name": "",
            "real_name_normalized": "",
            "email": "sheya.lehman@eglobaltech.com",
            "image_24": "https:\/\/secure.gravatar.com\/avatar\/6f7c7f1f8ecbef1d230b88f6014e02dd.jpg?s=24&d=https%3A%2F%2Fslack.global.ssl.fastly.net%2F3654%2Fimg%2Favatars%2Fava_0009-24.png",
            "image_32": "https:\/\/secure.gravatar.com\/avatar\/6f7c7f1f8ecbef1d230b88f6014e02dd.jpg?s=32&d=https%3A%2F%2Fslack.global.ssl.fastly.net%2F3654%2Fimg%2Favatars%2Fava_0009-32.png",
            "image_48": "https:\/\/secure.gravatar.com\/avatar\/6f7c7f1f8ecbef1d230b88f6014e02dd.jpg?s=48&d=https%3A%2F%2Fslack.global.ssl.fastly.net%2F3654%2Fimg%2Favatars%2Fava_0009-48.png",
            "image_72": "https:\/\/secure.gravatar.com\/avatar\/6f7c7f1f8ecbef1d230b88f6014e02dd.jpg?s=72&d=https%3A%2F%2Fslack.global.ssl.fastly.net%2F3654%2Fimg%2Favatars%2Fava_0009-72.png",
            "image_192": "https:\/\/secure.gravatar.com\/avatar\/6f7c7f1f8ecbef1d230b88f6014e02dd.jpg?s=192&d=https%3A%2F%2Fslack.global.ssl.fastly.net%2F3654%2Fimg%2Favatars%2Fava_0009.png"
        },
        "is_admin": false,
        "is_owner": false,
        "is_primary_owner": false,
        "is_restricted": false,
        "is_ultra_restricted": false,
        "is_bot": false
    },
    {
        "id": "U06FLV9PA",
        "name": "zach",
        "deleted": false,
        "status": null,
        "color": "674b1b",
        "real_name": "Zach Rowe",
        "tz": "America\/New_York",
        "tz_label": "Eastern Daylight Time",
        "tz_offset": -14400,
        "profile": {
            "first_name": "Zach",
            "last_name": "Rowe",
            "title": "Software engineer",
            "skype": "",
            "phone": "(518) 291-9224",
            "image_24": "https:\/\/s3-us-west-2.amazonaws.com\/slack-files2\/avatars\/2015-06-17\/6535734288_604eb16cadda4b0da87b_24.jpg",
            "image_32": "https:\/\/s3-us-west-2.amazonaws.com\/slack-files2\/avatars\/2015-06-17\/6535734288_604eb16cadda4b0da87b_32.jpg",
            "image_48": "https:\/\/s3-us-west-2.amazonaws.com\/slack-files2\/avatars\/2015-06-17\/6535734288_604eb16cadda4b0da87b_48.jpg",
            "image_72": "https:\/\/s3-us-west-2.amazonaws.com\/slack-files2\/avatars\/2015-06-17\/6535734288_604eb16cadda4b0da87b_72.jpg",
            "image_192": "https:\/\/s3-us-west-2.amazonaws.com\/slack-files2\/avatars\/2015-06-17\/6535734288_604eb16cadda4b0da87b_192.jpg",
            "image_original": "https:\/\/s3-us-west-2.amazonaws.com\/slack-files2\/avatars\/2015-06-17\/6535734288_604eb16cadda4b0da87b_original.jpg",
            "real_name": "Zach Rowe",
            "real_name_normalized": "Zach Rowe",
            "email": "zachary.rowe@eglobaltech.com"
        },
        "is_admin": false,
        "is_owner": false,
        "is_primary_owner": false,
        "is_restricted": false,
        "is_ultra_restricted": false,
        "is_bot": false
    }
]