[
    {
        "text": "",
        "bot_id": "B06HF70G4",
        "attachments": [
            {
                "fallback": "egt-gsa-proto-build - #67 Started by changes from robert.patt-corner (1 file(s) changed) (<https:\/\/gsa-fda-proto-jenkins.egt-labs.com\/job\/egt-gsa-proto-build\/67\/|Open>)",
                "id": 1,
                "color": "d00000",
                "fields": [
                    {
                        "title": "",
                        "value": "egt-gsa-proto-build - #67 Started by changes from robert.patt-corner (1 file(s) changed) (<https:\/\/gsa-fda-proto-jenkins.egt-labs.com\/job\/egt-gsa-proto-build\/67\/|Open>)",
                        "short": false
                    }
                ]
            }
        ],
        "type": "message",
        "subtype": "bot_message",
        "ts": "1435317846.000268"
    },
    {
        "text": "",
        "bot_id": "B06HF70G4",
        "attachments": [
            {
                "fallback": "egt-gsa-proto-build - #68 Started by changes from zrowe007 (1 file(s) changed) (<https:\/\/gsa-fda-proto-jenkins.egt-labs.com\/job\/egt-gsa-proto-build\/68\/|Open>)",
                "id": 1,
                "color": "d00000",
                "fields": [
                    {
                        "title": "",
                        "value": "egt-gsa-proto-build - #68 Started by changes from zrowe007 (1 file(s) changed) (<https:\/\/gsa-fda-proto-jenkins.egt-labs.com\/job\/egt-gsa-proto-build\/68\/|Open>)",
                        "short": false
                    }
                ]
            }
        ],
        "type": "message",
        "subtype": "bot_message",
        "ts": "1435324326.000269"
    },
    {
        "text": "",
        "bot_id": "B06HF70G4",
        "attachments": [
            {
                "fallback": "egt-gsa-proto-build - #69 Started by changes from jennifer.hinton (1 file(s) changed) (<https:\/\/gsa-fda-proto-jenkins.egt-labs.com\/job\/egt-gsa-proto-build\/69\/|Open>)",
                "id": 1,
                "color": "d00000",
                "fields": [
                    {
                        "title": "",
                        "value": "egt-gsa-proto-build - #69 Started by changes from jennifer.hinton (1 file(s) changed) (<https:\/\/gsa-fda-proto-jenkins.egt-labs.com\/job\/egt-gsa-proto-build\/69\/|Open>)",
                        "short": false
                    }
                ]
            }
        ],
        "type": "message",
        "subtype": "bot_message",
        "ts": "1435327987.000270"
    },
    {
        "text": "",
        "bot_id": "B06HF70G4",
        "attachments": [
            {
                "fallback": "egt-gsa-proto-build - #70 Started by changes from Eldrew (1 file(s) changed) (<https:\/\/gsa-fda-proto-jenkins.egt-labs.com\/job\/egt-gsa-proto-build\/70\/|Open>)",
                "id": 1,
                "color": "d00000",
                "fields": [
                    {
                        "title": "",
                        "value": "egt-gsa-proto-build - #70 Started by changes from Eldrew (1 file(s) changed) (<https:\/\/gsa-fda-proto-jenkins.egt-labs.com\/job\/egt-gsa-proto-build\/70\/|Open>)",
                        "short": false
                    }
                ]
            }
        ],
        "type": "message",
        "subtype": "bot_message",
        "ts": "1435328047.000271"
    },
    {
        "text": "",
        "bot_id": "B06HF70G4",
        "attachments": [
            {
                "fallback": "egt-gsa-proto-build - #71 Started by changes from Eldrew (1 file(s) changed) (<https:\/\/gsa-fda-proto-jenkins.egt-labs.com\/job\/egt-gsa-proto-build\/71\/|Open>)",
                "id": 1,
                "color": "d00000",
                "fields": [
                    {
                        "title": "",
                        "value": "egt-gsa-proto-build - #71 Started by changes from Eldrew (1 file(s) changed) (<https:\/\/gsa-fda-proto-jenkins.egt-labs.com\/job\/egt-gsa-proto-build\/71\/|Open>)",
                        "short": false
                    }
                ]
            }
        ],
        "type": "message",
        "subtype": "bot_message",
        "ts": "1435328167.000272"
    },
    {
        "text": "",
        "bot_id": "B06HF70G4",
        "attachments": [
            {
                "fallback": "egt-gsa-proto-build - #72 Started by changes from Eldrew (1 file(s) changed) (<https:\/\/gsa-fda-proto-jenkins.egt-labs.com\/job\/egt-gsa-proto-build\/72\/|Open>)",
                "id": 1,
                "color": "d00000",
                "fields": [
                    {
                        "title": "",
                        "value": "egt-gsa-proto-build - #72 Started by changes from Eldrew (1 file(s) changed) (<https:\/\/gsa-fda-proto-jenkins.egt-labs.com\/job\/egt-gsa-proto-build\/72\/|Open>)",
                        "short": false
                    }
                ]
            }
        ],
        "type": "message",
        "subtype": "bot_message",
        "ts": "1435328587.000273"
    },
    {
        "text": "",
        "bot_id": "B06HF70G4",
        "attachments": [
            {
                "fallback": "egt-gsa-proto-build - #73 Started by changes from Eldrew (1 file(s) changed) (<https:\/\/gsa-fda-proto-jenkins.egt-labs.com\/job\/egt-gsa-proto-build\/73\/|Open>)",
                "id": 1,
                "color": "d00000",
                "fields": [
                    {
                        "title": "",
                        "value": "egt-gsa-proto-build - #73 Started by changes from Eldrew (1 file(s) changed) (<https:\/\/gsa-fda-proto-jenkins.egt-labs.com\/job\/egt-gsa-proto-build\/73\/|Open>)",
                        "short": false
                    }
                ]
            }
        ],
        "type": "message",
        "subtype": "bot_message",
        "ts": "1435328767.000274"
    },
    {
        "text": "",
        "bot_id": "B06HF70G4",
        "attachments": [
            {
                "fallback": "egt-gsa-proto-build - #74 Started by changes from Eldrew (1 file(s) changed) (<https:\/\/gsa-fda-proto-jenkins.egt-labs.com\/job\/egt-gsa-proto-build\/74\/|Open>)",
                "id": 1,
                "color": "d00000",
                "fields": [
                    {
                        "title": "",
                        "value": "egt-gsa-proto-build - #74 Started by changes from Eldrew (1 file(s) changed) (<https:\/\/gsa-fda-proto-jenkins.egt-labs.com\/job\/egt-gsa-proto-build\/74\/|Open>)",
                        "short": false
                    }
                ]
            }
        ],
        "type": "message",
        "subtype": "bot_message",
        "ts": "1435328827.000275"
    }
]