[
    {
        "text": "",
        "bot_id": "B06HF70G4",
        "attachments": [
            {
                "fallback": "egt-gsa-proto-build - #40 Started by changes from j.eric.hanson (3 file(s) changed) (<http:\/\/gsa-fda-proto-jenkins.egt-labs.com\/job\/egt-gsa-proto-build\/40\/|Open>)",
                "id": 1,
                "color": "daa038",
                "fields": [
                    {
                        "title": "",
                        "value": "egt-gsa-proto-build - #40 Started by changes from j.eric.hanson (3 file(s) changed) (<http:\/\/gsa-fda-proto-jenkins.egt-labs.com\/job\/egt-gsa-proto-build\/40\/|Open>)",
                        "short": false
                    }
                ]
            }
        ],
        "type": "message",
        "subtype": "bot_message",
        "ts": "1434806290.000002"
    },
    {
        "text": "",
        "bot_id": "B06HF70G4",
        "attachments": [
            {
                "fallback": "egt-gsa-proto-build - #40 Success after 5 min 28 sec (<http:\/\/gsa-fda-proto-jenkins.egt-labs.com\/job\/egt-gsa-proto-build\/40\/|Open>)",
                "id": 1,
                "color": "36a64f",
                "fields": [
                    {
                        "title": "",
                        "value": "egt-gsa-proto-build - #40 Success after 5 min 28 sec (<http:\/\/gsa-fda-proto-jenkins.egt-labs.com\/job\/egt-gsa-proto-build\/40\/|Open>)",
                        "short": false
                    }
                ]
            }
        ],
        "type": "message",
        "subtype": "bot_message",
        "ts": "1434806619.000003"
    },
    {
        "text": "",
        "bot_id": "B06HF70G4",
        "attachments": [
            {
                "fallback": "egt-gsa-proto-build - #41 Started by user Jai Bapna (<http:\/\/gsa-fda-proto-jenkins.egt-labs.com\/job\/egt-gsa-proto-build\/41\/|Open>)",
                "id": 1,
                "color": "36a64f",
                "fields": [
                    {
                        "title": "",
                        "value": "egt-gsa-proto-build - #41 Started by user Jai Bapna (<http:\/\/gsa-fda-proto-jenkins.egt-labs.com\/job\/egt-gsa-proto-build\/41\/|Open>)",
                        "short": false
                    }
                ]
            }
        ],
        "type": "message",
        "subtype": "bot_message",
        "ts": "1434808804.000004"
    },
    {
        "text": "",
        "bot_id": "B06HF70G4",
        "attachments": [
            {
                "fallback": "egt-gsa-proto-build - #41 Starting... after 2.1 sec and counting (<http:\/\/gsa-fda-proto-jenkins.egt-labs.com\/job\/egt-gsa-proto-build\/41\/|Open>)",
                "id": 1,
                "color": "36a64f",
                "fields": [
                    {
                        "title": "",
                        "value": "egt-gsa-proto-build - #41 Starting... after 2.1 sec and counting (<http:\/\/gsa-fda-proto-jenkins.egt-labs.com\/job\/egt-gsa-proto-build\/41\/|Open>)",
                        "short": false
                    }
                ]
            }
        ],
        "type": "message",
        "subtype": "bot_message",
        "ts": "1434808805.000005"
    },
    {
        "text": "",
        "bot_id": "B06HF70G4",
        "attachments": [
            {
                "fallback": "egt-gsa-proto-build - #41 Aborted after 1 min 50 sec (<http:\/\/gsa-fda-proto-jenkins.egt-labs.com\/job\/egt-gsa-proto-build\/41\/|Open>)",
                "id": 1,
                "color": "daa038",
                "fields": [
                    {
                        "title": "",
                        "value": "egt-gsa-proto-build - #41 Aborted after 1 min 50 sec (<http:\/\/gsa-fda-proto-jenkins.egt-labs.com\/job\/egt-gsa-proto-build\/41\/|Open>)",
                        "short": false
                    }
                ]
            }
        ],
        "type": "message",
        "subtype": "bot_message",
        "ts": "1434808913.000006"
    },
    {
        "text": "",
        "bot_id": "B06HF70G4",
        "attachments": [
            {
                "fallback": "egt-gsa-proto-build - #42 Started by user Jai Bapna (<http:\/\/gsa-fda-proto-jenkins.egt-labs.com\/job\/egt-gsa-proto-build\/42\/|Open>)",
                "id": 1,
                "color": "daa038",
                "fields": [
                    {
                        "title": "",
                        "value": "egt-gsa-proto-build - #42 Started by user Jai Bapna (<http:\/\/gsa-fda-proto-jenkins.egt-labs.com\/job\/egt-gsa-proto-build\/42\/|Open>)",
                        "short": false
                    }
                ]
            }
        ],
        "type": "message",
        "subtype": "bot_message",
        "ts": "1434809648.000007"
    },
    {
        "text": "",
        "bot_id": "B06HF70G4",
        "attachments": [
            {
                "fallback": "egt-gsa-proto-build - #42 Starting... after 0.56 sec and counting (<http:\/\/gsa-fda-proto-jenkins.egt-labs.com\/job\/egt-gsa-proto-build\/42\/|Open>)",
                "id": 1,
                "color": "daa038",
                "fields": [
                    {
                        "title": "",
                        "value": "egt-gsa-proto-build - #42 Starting... after 0.56 sec and counting (<http:\/\/gsa-fda-proto-jenkins.egt-labs.com\/job\/egt-gsa-proto-build\/42\/|Open>)",
                        "short": false
                    }
                ]
            }
        ],
        "type": "message",
        "subtype": "bot_message",
        "ts": "1434809649.000008"
    },
    {
        "text": "",
        "bot_id": "B06HF70G4",
        "attachments": [
            {
                "fallback": "egt-gsa-proto-build - #42 Success after 19 sec (<http:\/\/gsa-fda-proto-jenkins.egt-labs.com\/job\/egt-gsa-proto-build\/42\/|Open>)",
                "id": 1,
                "color": "36a64f",
                "fields": [
                    {
                        "title": "",
                        "value": "egt-gsa-proto-build - #42 Success after 19 sec (<http:\/\/gsa-fda-proto-jenkins.egt-labs.com\/job\/egt-gsa-proto-build\/42\/|Open>)",
                        "short": false
                    }
                ]
            }
        ],
        "type": "message",
        "subtype": "bot_message",
        "ts": "1434809668.000009"
    },
    {
        "text": "",
        "bot_id": "B06HF70G4",
        "attachments": [
            {
                "fallback": "egt-gsa-proto-build - #43 Started by user Jai Bapna (<http:\/\/gsa-fda-proto-jenkins.egt-labs.com\/job\/egt-gsa-proto-build\/43\/|Open>)",
                "id": 1,
                "color": "36a64f",
                "fields": [
                    {
                        "title": "",
                        "value": "egt-gsa-proto-build - #43 Started by user Jai Bapna (<http:\/\/gsa-fda-proto-jenkins.egt-labs.com\/job\/egt-gsa-proto-build\/43\/|Open>)",
                        "short": false
                    }
                ]
            }
        ],
        "type": "message",
        "subtype": "bot_message",
        "ts": "1434809703.000010"
    },
    {
        "text": "",
        "bot_id": "B06HF70G4",
        "attachments": [
            {
                "fallback": "egt-gsa-proto-build - #43 Starting... after 1 sec and counting (<http:\/\/gsa-fda-proto-jenkins.egt-labs.com\/job\/egt-gsa-proto-build\/43\/|Open>)",
                "id": 1,
                "color": "36a64f",
                "fields": [
                    {
                        "title": "",
                        "value": "egt-gsa-proto-build - #43 Starting... after 1 sec and counting (<http:\/\/gsa-fda-proto-jenkins.egt-labs.com\/job\/egt-gsa-proto-build\/43\/|Open>)",
                        "short": false
                    }
                ]
            }
        ],
        "type": "message",
        "subtype": "bot_message",
        "ts": "1434809704.000011"
    },
    {
        "text": "",
        "bot_id": "B06HF70G4",
        "attachments": [
            {
                "fallback": "egt-gsa-proto-build - #43 Success after 20 sec (<http:\/\/gsa-fda-proto-jenkins.egt-labs.com\/job\/egt-gsa-proto-build\/43\/|Open>)",
                "id": 1,
                "color": "36a64f",
                "fields": [
                    {
                        "title": "",
                        "value": "egt-gsa-proto-build - #43 Success after 20 sec (<http:\/\/gsa-fda-proto-jenkins.egt-labs.com\/job\/egt-gsa-proto-build\/43\/|Open>)",
                        "short": false
                    }
                ]
            }
        ],
        "type": "message",
        "subtype": "bot_message",
        "ts": "1434809723.000012"
    },
    {
        "text": "",
        "bot_id": "B06HF70G4",
        "attachments": [
            {
                "fallback": "egt-gsa-proto-build - #44 Started by changes from j.eric.hanson (2 file(s) changed) (<http:\/\/gsa-fda-proto-jenkins.egt-labs.com\/job\/egt-gsa-proto-build\/44\/|Open>)",
                "id": 1,
                "color": "36a64f",
                "fields": [
                    {
                        "title": "",
                        "value": "egt-gsa-proto-build - #44 Started by changes from j.eric.hanson (2 file(s) changed) (<http:\/\/gsa-fda-proto-jenkins.egt-labs.com\/job\/egt-gsa-proto-build\/44\/|Open>)",
                        "short": false
                    }
                ]
            }
        ],
        "type": "message",
        "subtype": "bot_message",
        "ts": "1434810070.000013"
    },
    {
        "text": "",
        "bot_id": "B06HF70G4",
        "attachments": [
            {
                "fallback": "egt-gsa-proto-build - #44 Success after 19 sec (<http:\/\/gsa-fda-proto-jenkins.egt-labs.com\/job\/egt-gsa-proto-build\/44\/|Open>)",
                "id": 1,
                "color": "36a64f",
                "fields": [
                    {
                        "title": "",
                        "value": "egt-gsa-proto-build - #44 Success after 19 sec (<http:\/\/gsa-fda-proto-jenkins.egt-labs.com\/job\/egt-gsa-proto-build\/44\/|Open>)",
                        "short": false
                    }
                ]
            }
        ],
        "type": "message",
        "subtype": "bot_message",
        "ts": "1434810090.000014"
    },
    {
        "text": "",
        "bot_id": "B06HF70G4",
        "attachments": [
            {
                "fallback": "egt-gsa-proto-build - #45 Started by changes from j.eric.hanson (1 file(s) changed) (<http:\/\/gsa-fda-proto-jenkins.egt-labs.com\/job\/egt-gsa-proto-build\/45\/|Open>)",
                "id": 1,
                "color": "36a64f",
                "fields": [
                    {
                        "title": "",
                        "value": "egt-gsa-proto-build - #45 Started by changes from j.eric.hanson (1 file(s) changed) (<http:\/\/gsa-fda-proto-jenkins.egt-labs.com\/job\/egt-gsa-proto-build\/45\/|Open>)",
                        "short": false
                    }
                ]
            }
        ],
        "type": "message",
        "subtype": "bot_message",
        "ts": "1434813790.000015"
    },
    {
        "text": "",
        "bot_id": "B06HF70G4",
        "attachments": [
            {
                "fallback": "egt-gsa-proto-build - #45 Success after 17 sec (<http:\/\/gsa-fda-proto-jenkins.egt-labs.com\/job\/egt-gsa-proto-build\/45\/|Open>)",
                "id": 1,
                "color": "36a64f",
                "fields": [
                    {
                        "title": "",
                        "value": "egt-gsa-proto-build - #45 Success after 17 sec (<http:\/\/gsa-fda-proto-jenkins.egt-labs.com\/job\/egt-gsa-proto-build\/45\/|Open>)",
                        "short": false
                    }
                ]
            }
        ],
        "type": "message",
        "subtype": "bot_message",
        "ts": "1434813807.000016"
    },
    {
        "text": "",
        "bot_id": "B06HF70G4",
        "attachments": [
            {
                "fallback": "egt-gsa-proto-build - #46 Started by changes from j.eric.hanson (3 file(s) changed) (<http:\/\/gsa-fda-proto-jenkins.egt-labs.com\/job\/egt-gsa-proto-build\/46\/|Open>)",
                "id": 1,
                "color": "36a64f",
                "fields": [
                    {
                        "title": "",
                        "value": "egt-gsa-proto-build - #46 Started by changes from j.eric.hanson (3 file(s) changed) (<http:\/\/gsa-fda-proto-jenkins.egt-labs.com\/job\/egt-gsa-proto-build\/46\/|Open>)",
                        "short": false
                    }
                ]
            }
        ],
        "type": "message",
        "subtype": "bot_message",
        "ts": "1434815591.000017"
    },
    {
        "text": "",
        "bot_id": "B06HF70G4",
        "attachments": [
            {
                "fallback": "egt-gsa-proto-build - #46 Success after 15 sec (<http:\/\/gsa-fda-proto-jenkins.egt-labs.com\/job\/egt-gsa-proto-build\/46\/|Open>)",
                "id": 1,
                "color": "36a64f",
                "fields": [
                    {
                        "title": "",
                        "value": "egt-gsa-proto-build - #46 Success after 15 sec (<http:\/\/gsa-fda-proto-jenkins.egt-labs.com\/job\/egt-gsa-proto-build\/46\/|Open>)",
                        "short": false
                    }
                ]
            }
        ],
        "type": "message",
        "subtype": "bot_message",
        "ts": "1434815605.000018"
    },
    {
        "text": "",
        "bot_id": "B06HF70G4",
        "attachments": [
            {
                "fallback": "egt-gsa-proto-build - #47 Started by changes from j.eric.hanson (1 file(s) changed) (<http:\/\/gsa-fda-proto-jenkins.egt-labs.com\/job\/egt-gsa-proto-build\/47\/|Open>)",
                "id": 1,
                "color": "36a64f",
                "fields": [
                    {
                        "title": "",
                        "value": "egt-gsa-proto-build - #47 Started by changes from j.eric.hanson (1 file(s) changed) (<http:\/\/gsa-fda-proto-jenkins.egt-labs.com\/job\/egt-gsa-proto-build\/47\/|Open>)",
                        "short": false
                    }
                ]
            }
        ],
        "type": "message",
        "subtype": "bot_message",
        "ts": "1434815891.000019"
    },
    {
        "text": "",
        "bot_id": "B06HF70G4",
        "attachments": [
            {
                "fallback": "egt-gsa-proto-build - #47 Success after 15 sec (<http:\/\/gsa-fda-proto-jenkins.egt-labs.com\/job\/egt-gsa-proto-build\/47\/|Open>)",
                "id": 1,
                "color": "36a64f",
                "fields": [
                    {
                        "title": "",
                        "value": "egt-gsa-proto-build - #47 Success after 15 sec (<http:\/\/gsa-fda-proto-jenkins.egt-labs.com\/job\/egt-gsa-proto-build\/47\/|Open>)",
                        "short": false
                    }
                ]
            }
        ],
        "type": "message",
        "subtype": "bot_message",
        "ts": "1434815906.000020"
    },
    {
        "text": "",
        "bot_id": "B06HF70G4",
        "attachments": [
            {
                "fallback": "egt-gsa-proto-build - #48 Started by changes from Manasa.Pandurangi (6 file(s) changed) (<http:\/\/gsa-fda-proto-jenkins.egt-labs.com\/job\/egt-gsa-proto-build\/48\/|Open>)",
                "id": 1,
                "color": "36a64f",
                "fields": [
                    {
                        "title": "",
                        "value": "egt-gsa-proto-build - #48 Started by changes from Manasa.Pandurangi (6 file(s) changed) (<http:\/\/gsa-fda-proto-jenkins.egt-labs.com\/job\/egt-gsa-proto-build\/48\/|Open>)",
                        "short": false
                    }
                ]
            }
        ],
        "type": "message",
        "subtype": "bot_message",
        "ts": "1434819071.000021"
    },
    {
        "text": "",
        "bot_id": "B06HF70G4",
        "attachments": [
            {
                "fallback": "egt-gsa-proto-build - #48 Success after 15 sec (<http:\/\/gsa-fda-proto-jenkins.egt-labs.com\/job\/egt-gsa-proto-build\/48\/|Open>)",
                "id": 1,
                "color": "36a64f",
                "fields": [
                    {
                        "title": "",
                        "value": "egt-gsa-proto-build - #48 Success after 15 sec (<http:\/\/gsa-fda-proto-jenkins.egt-labs.com\/job\/egt-gsa-proto-build\/48\/|Open>)",
                        "short": false
                    }
                ]
            }
        ],
        "type": "message",
        "subtype": "bot_message",
        "ts": "1434819086.000022"
    },
    {
        "text": "",
        "bot_id": "B06HF70G4",
        "attachments": [
            {
                "fallback": "egt-gsa-proto-build - #49 Started by changes from j.eric.hanson (5 file(s) changed) (<http:\/\/gsa-fda-proto-jenkins.egt-labs.com\/job\/egt-gsa-proto-build\/49\/|Open>)",
                "id": 1,
                "color": "36a64f",
                "fields": [
                    {
                        "title": "",
                        "value": "egt-gsa-proto-build - #49 Started by changes from j.eric.hanson (5 file(s) changed) (<http:\/\/gsa-fda-proto-jenkins.egt-labs.com\/job\/egt-gsa-proto-build\/49\/|Open>)",
                        "short": false
                    }
                ]
            }
        ],
        "type": "message",
        "subtype": "bot_message",
        "ts": "1434819851.000023"
    },
    {
        "text": "",
        "bot_id": "B06HF70G4",
        "attachments": [
            {
                "fallback": "egt-gsa-proto-build - #49 Success after 15 sec (<http:\/\/gsa-fda-proto-jenkins.egt-labs.com\/job\/egt-gsa-proto-build\/49\/|Open>)",
                "id": 1,
                "color": "36a64f",
                "fields": [
                    {
                        "title": "",
                        "value": "egt-gsa-proto-build - #49 Success after 15 sec (<http:\/\/gsa-fda-proto-jenkins.egt-labs.com\/job\/egt-gsa-proto-build\/49\/|Open>)",
                        "short": false
                    }
                ]
            }
        ],
        "type": "message",
        "subtype": "bot_message",
        "ts": "1434819866.000024"
    },
    {
        "text": "",
        "bot_id": "B06HF70G4",
        "attachments": [
            {
                "fallback": "egt-gsa-proto-build - #50 Started by changes from j.eric.hanson (1 file(s) changed) (<http:\/\/gsa-fda-proto-jenkins.egt-labs.com\/job\/egt-gsa-proto-build\/50\/|Open>)",
                "id": 1,
                "color": "36a64f",
                "fields": [
                    {
                        "title": "",
                        "value": "egt-gsa-proto-build - #50 Started by changes from j.eric.hanson (1 file(s) changed) (<http:\/\/gsa-fda-proto-jenkins.egt-labs.com\/job\/egt-gsa-proto-build\/50\/|Open>)",
                        "short": false
                    }
                ]
            }
        ],
        "type": "message",
        "subtype": "bot_message",
        "ts": "1434820631.000025"
    },
    {
        "text": "",
        "bot_id": "B06HF70G4",
        "attachments": [
            {
                "fallback": "egt-gsa-proto-build - #50 Success after 15 sec (<http:\/\/gsa-fda-proto-jenkins.egt-labs.com\/job\/egt-gsa-proto-build\/50\/|Open>)",
                "id": 1,
                "color": "36a64f",
                "fields": [
                    {
                        "title": "",
                        "value": "egt-gsa-proto-build - #50 Success after 15 sec (<http:\/\/gsa-fda-proto-jenkins.egt-labs.com\/job\/egt-gsa-proto-build\/50\/|Open>)",
                        "short": false
                    }
                ]
            }
        ],
        "type": "message",
        "subtype": "bot_message",
        "ts": "1434820646.000026"
    },
    {
        "text": "",
        "bot_id": "B06HF70G4",
        "attachments": [
            {
                "fallback": "egt-gsa-proto-build - #51 Started by changes from j.eric.hanson (1 file(s) changed) (<http:\/\/gsa-fda-proto-jenkins.egt-labs.com\/job\/egt-gsa-proto-build\/51\/|Open>)",
                "id": 1,
                "color": "36a64f",
                "fields": [
                    {
                        "title": "",
                        "value": "egt-gsa-proto-build - #51 Started by changes from j.eric.hanson (1 file(s) changed) (<http:\/\/gsa-fda-proto-jenkins.egt-labs.com\/job\/egt-gsa-proto-build\/51\/|Open>)",
                        "short": false
                    }
                ]
            }
        ],
        "type": "message",
        "subtype": "bot_message",
        "ts": "1434821831.000027"
    },
    {
        "text": "",
        "bot_id": "B06HF70G4",
        "attachments": [
            {
                "fallback": "egt-gsa-proto-build - #51 Success after 15 sec (<http:\/\/gsa-fda-proto-jenkins.egt-labs.com\/job\/egt-gsa-proto-build\/51\/|Open>)",
                "id": 1,
                "color": "36a64f",
                "fields": [
                    {
                        "title": "",
                        "value": "egt-gsa-proto-build - #51 Success after 15 sec (<http:\/\/gsa-fda-proto-jenkins.egt-labs.com\/job\/egt-gsa-proto-build\/51\/|Open>)",
                        "short": false
                    }
                ]
            }
        ],
        "type": "message",
        "subtype": "bot_message",
        "ts": "1434821846.000028"
    },
    {
        "text": "",
        "bot_id": "B06HF70G4",
        "attachments": [
            {
                "fallback": "egt-gsa-proto-build - #52 Started by changes from j.eric.hanson (2 file(s) changed) (<http:\/\/gsa-fda-proto-jenkins.egt-labs.com\/job\/egt-gsa-proto-build\/52\/|Open>)",
                "id": 1,
                "color": "36a64f",
                "fields": [
                    {
                        "title": "",
                        "value": "egt-gsa-proto-build - #52 Started by changes from j.eric.hanson (2 file(s) changed) (<http:\/\/gsa-fda-proto-jenkins.egt-labs.com\/job\/egt-gsa-proto-build\/52\/|Open>)",
                        "short": false
                    }
                ]
            }
        ],
        "type": "message",
        "subtype": "bot_message",
        "ts": "1434824166.000029"
    },
    {
        "text": "",
        "bot_id": "B06HF70G4",
        "attachments": [
            {
                "fallback": "egt-gsa-proto-build - #52 Success after 15 sec (<http:\/\/gsa-fda-proto-jenkins.egt-labs.com\/job\/egt-gsa-proto-build\/52\/|Open>)",
                "id": 1,
                "color": "36a64f",
                "fields": [
                    {
                        "title": "",
                        "value": "egt-gsa-proto-build - #52 Success after 15 sec (<http:\/\/gsa-fda-proto-jenkins.egt-labs.com\/job\/egt-gsa-proto-build\/52\/|Open>)",
                        "short": false
                    }
                ]
            }
        ],
        "type": "message",
        "subtype": "bot_message",
        "ts": "1434824181.000030"
    },
    {
        "text": "",
        "bot_id": "B06HF70G4",
        "attachments": [
            {
                "fallback": "egt-gsa-proto-build - #53 Started by changes from Manasa.Pandurangi (2 file(s) changed) (<http:\/\/gsa-fda-proto-jenkins.egt-labs.com\/job\/egt-gsa-proto-build\/53\/|Open>)",
                "id": 1,
                "color": "36a64f",
                "fields": [
                    {
                        "title": "",
                        "value": "egt-gsa-proto-build - #53 Started by changes from Manasa.Pandurangi (2 file(s) changed) (<http:\/\/gsa-fda-proto-jenkins.egt-labs.com\/job\/egt-gsa-proto-build\/53\/|Open>)",
                        "short": false
                    }
                ]
            }
        ],
        "type": "message",
        "subtype": "bot_message",
        "ts": "1434824526.000031"
    },
    {
        "text": "",
        "bot_id": "B06HF70G4",
        "attachments": [
            {
                "fallback": "egt-gsa-proto-build - #53 Success after 15 sec (<http:\/\/gsa-fda-proto-jenkins.egt-labs.com\/job\/egt-gsa-proto-build\/53\/|Open>)",
                "id": 1,
                "color": "36a64f",
                "fields": [
                    {
                        "title": "",
                        "value": "egt-gsa-proto-build - #53 Success after 15 sec (<http:\/\/gsa-fda-proto-jenkins.egt-labs.com\/job\/egt-gsa-proto-build\/53\/|Open>)",
                        "short": false
                    }
                ]
            }
        ],
        "type": "message",
        "subtype": "bot_message",
        "ts": "1434824541.000032"
    },
    {
        "text": "",
        "bot_id": "B06HF70G4",
        "attachments": [
            {
                "fallback": "egt-gsa-proto-build - #54 Started by changes from Manasa.Pandurangi (1 file(s) changed) (<http:\/\/gsa-fda-proto-jenkins.egt-labs.com\/job\/egt-gsa-proto-build\/54\/|Open>)",
                "id": 1,
                "color": "36a64f",
                "fields": [
                    {
                        "title": "",
                        "value": "egt-gsa-proto-build - #54 Started by changes from Manasa.Pandurangi (1 file(s) changed) (<http:\/\/gsa-fda-proto-jenkins.egt-labs.com\/job\/egt-gsa-proto-build\/54\/|Open>)",
                        "short": false
                    }
                ]
            }
        ],
        "type": "message",
        "subtype": "bot_message",
        "ts": "1434824706.000033"
    },
    {
        "text": "",
        "bot_id": "B06HF70G4",
        "attachments": [
            {
                "fallback": "egt-gsa-proto-build - #54 Success after 15 sec (<http:\/\/gsa-fda-proto-jenkins.egt-labs.com\/job\/egt-gsa-proto-build\/54\/|Open>)",
                "id": 1,
                "color": "36a64f",
                "fields": [
                    {
                        "title": "",
                        "value": "egt-gsa-proto-build - #54 Success after 15 sec (<http:\/\/gsa-fda-proto-jenkins.egt-labs.com\/job\/egt-gsa-proto-build\/54\/|Open>)",
                        "short": false
                    }
                ]
            }
        ],
        "type": "message",
        "subtype": "bot_message",
        "ts": "1434824721.000034"
    },
    {
        "text": "",
        "bot_id": "B06HF70G4",
        "attachments": [
            {
                "fallback": "egt-gsa-proto-build - #55 Started by changes from Manasa.Pandurangi (2 file(s) changed) (<http:\/\/gsa-fda-proto-jenkins.egt-labs.com\/job\/egt-gsa-proto-build\/55\/|Open>)",
                "id": 1,
                "color": "36a64f",
                "fields": [
                    {
                        "title": "",
                        "value": "egt-gsa-proto-build - #55 Started by changes from Manasa.Pandurangi (2 file(s) changed) (<http:\/\/gsa-fda-proto-jenkins.egt-labs.com\/job\/egt-gsa-proto-build\/55\/|Open>)",
                        "short": false
                    }
                ]
            }
        ],
        "type": "message",
        "subtype": "bot_message",
        "ts": "1434826386.000035"
    },
    {
        "text": "",
        "bot_id": "B06HF70G4",
        "attachments": [
            {
                "fallback": "egt-gsa-proto-build - #55 Success after 15 sec (<http:\/\/gsa-fda-proto-jenkins.egt-labs.com\/job\/egt-gsa-proto-build\/55\/|Open>)",
                "id": 1,
                "color": "36a64f",
                "fields": [
                    {
                        "title": "",
                        "value": "egt-gsa-proto-build - #55 Success after 15 sec (<http:\/\/gsa-fda-proto-jenkins.egt-labs.com\/job\/egt-gsa-proto-build\/55\/|Open>)",
                        "short": false
                    }
                ]
            }
        ],
        "type": "message",
        "subtype": "bot_message",
        "ts": "1434826401.000036"
    },
    {
        "text": "",
        "bot_id": "B06HF70G4",
        "attachments": [
            {
                "fallback": "egt-gsa-proto-build - #56 Started by changes from Manasa.Pandurangi (1 file(s) changed) (<http:\/\/gsa-fda-proto-jenkins.egt-labs.com\/job\/egt-gsa-proto-build\/56\/|Open>)",
                "id": 1,
                "color": "36a64f",
                "fields": [
                    {
                        "title": "",
                        "value": "egt-gsa-proto-build - #56 Started by changes from Manasa.Pandurangi (1 file(s) changed) (<http:\/\/gsa-fda-proto-jenkins.egt-labs.com\/job\/egt-gsa-proto-build\/56\/|Open>)",
                        "short": false
                    }
                ]
            }
        ],
        "type": "message",
        "subtype": "bot_message",
        "ts": "1434826686.000037"
    },
    {
        "text": "",
        "bot_id": "B06HF70G4",
        "attachments": [
            {
                "fallback": "egt-gsa-proto-build - #56 Success after 15 sec (<http:\/\/gsa-fda-proto-jenkins.egt-labs.com\/job\/egt-gsa-proto-build\/56\/|Open>)",
                "id": 1,
                "color": "36a64f",
                "fields": [
                    {
                        "title": "",
                        "value": "egt-gsa-proto-build - #56 Success after 15 sec (<http:\/\/gsa-fda-proto-jenkins.egt-labs.com\/job\/egt-gsa-proto-build\/56\/|Open>)",
                        "short": false
                    }
                ]
            }
        ],
        "type": "message",
        "subtype": "bot_message",
        "ts": "1434826701.000038"
    },
    {
        "text": "",
        "bot_id": "B06HF70G4",
        "attachments": [
            {
                "fallback": "egt-gsa-proto-build - #57 Started by changes from j.eric.hanson (14 file(s) changed) (<http:\/\/gsa-fda-proto-jenkins.egt-labs.com\/job\/egt-gsa-proto-build\/57\/|Open>)",
                "id": 1,
                "color": "36a64f",
                "fields": [
                    {
                        "title": "",
                        "value": "egt-gsa-proto-build - #57 Started by changes from j.eric.hanson (14 file(s) changed) (<http:\/\/gsa-fda-proto-jenkins.egt-labs.com\/job\/egt-gsa-proto-build\/57\/|Open>)",
                        "short": false
                    }
                ]
            }
        ],
        "type": "message",
        "subtype": "bot_message",
        "ts": "1434842167.000039"
    },
    {
        "text": "",
        "bot_id": "B06HF70G4",
        "attachments": [
            {
                "fallback": "egt-gsa-proto-build - #57 Success after 15 sec (<http:\/\/gsa-fda-proto-jenkins.egt-labs.com\/job\/egt-gsa-proto-build\/57\/|Open>)",
                "id": 1,
                "color": "36a64f",
                "fields": [
                    {
                        "title": "",
                        "value": "egt-gsa-proto-build - #57 Success after 15 sec (<http:\/\/gsa-fda-proto-jenkins.egt-labs.com\/job\/egt-gsa-proto-build\/57\/|Open>)",
                        "short": false
                    }
                ]
            }
        ],
        "type": "message",
        "subtype": "bot_message",
        "ts": "1434842182.000040"
    },
    {
        "text": "",
        "bot_id": "B06HF70G4",
        "attachments": [
            {
                "fallback": "egt-gsa-proto-build - #58 Started by changes from j.eric.hanson (4 file(s) changed) (<http:\/\/gsa-fda-proto-jenkins.egt-labs.com\/job\/egt-gsa-proto-build\/58\/|Open>)",
                "id": 1,
                "color": "36a64f",
                "fields": [
                    {
                        "title": "",
                        "value": "egt-gsa-proto-build - #58 Started by changes from j.eric.hanson (4 file(s) changed) (<http:\/\/gsa-fda-proto-jenkins.egt-labs.com\/job\/egt-gsa-proto-build\/58\/|Open>)",
                        "short": false
                    }
                ]
            }
        ],
        "type": "message",
        "subtype": "bot_message",
        "ts": "1434846127.000041"
    },
    {
        "text": "",
        "bot_id": "B06HF70G4",
        "attachments": [
            {
                "fallback": "egt-gsa-proto-build - #58 Success after 15 sec (<http:\/\/gsa-fda-proto-jenkins.egt-labs.com\/job\/egt-gsa-proto-build\/58\/|Open>)",
                "id": 1,
                "color": "36a64f",
                "fields": [
                    {
                        "title": "",
                        "value": "egt-gsa-proto-build - #58 Success after 15 sec (<http:\/\/gsa-fda-proto-jenkins.egt-labs.com\/job\/egt-gsa-proto-build\/58\/|Open>)",
                        "short": false
                    }
                ]
            }
        ],
        "type": "message",
        "subtype": "bot_message",
        "ts": "1434846142.000042"
    },
    {
        "text": "",
        "bot_id": "B06HF70G4",
        "attachments": [
            {
                "fallback": "egt-gsa-proto-build - #59 Started by changes from j.eric.hanson (11 file(s) changed) (<http:\/\/gsa-fda-proto-jenkins.egt-labs.com\/job\/egt-gsa-proto-build\/59\/|Open>)",
                "id": 1,
                "color": "36a64f",
                "fields": [
                    {
                        "title": "",
                        "value": "egt-gsa-proto-build - #59 Started by changes from j.eric.hanson (11 file(s) changed) (<http:\/\/gsa-fda-proto-jenkins.egt-labs.com\/job\/egt-gsa-proto-build\/59\/|Open>)",
                        "short": false
                    }
                ]
            }
        ],
        "type": "message",
        "subtype": "bot_message",
        "ts": "1434856808.000043"
    },
    {
        "text": "",
        "bot_id": "B06HF70G4",
        "attachments": [
            {
                "fallback": "egt-gsa-proto-build - #59 Success after 15 sec (<http:\/\/gsa-fda-proto-jenkins.egt-labs.com\/job\/egt-gsa-proto-build\/59\/|Open>)",
                "id": 1,
                "color": "36a64f",
                "fields": [
                    {
                        "title": "",
                        "value": "egt-gsa-proto-build - #59 Success after 15 sec (<http:\/\/gsa-fda-proto-jenkins.egt-labs.com\/job\/egt-gsa-proto-build\/59\/|Open>)",
                        "short": false
                    }
                ]
            }
        ],
        "type": "message",
        "subtype": "bot_message",
        "ts": "1434856823.000044"
    }
]