[
    {
        "text": "",
        "bot_id": "B06HF70G4",
        "attachments": [
            {
                "fallback": "egt-gsa-proto-build - #48 Started by changes from jennifer.hinton (1 file(s) changed) (<https:\/\/gsa-fda-proto-jenkins.egt-labs.com\/job\/egt-gsa-proto-build\/48\/|Open>)",
                "id": 1,
                "color": "36a64f",
                "fields": [
                    {
                        "title": "",
                        "value": "egt-gsa-proto-build - #48 Started by changes from jennifer.hinton (1 file(s) changed) (<https:\/\/gsa-fda-proto-jenkins.egt-labs.com\/job\/egt-gsa-proto-build\/48\/|Open>)",
                        "short": false
                    }
                ]
            }
        ],
        "type": "message",
        "subtype": "bot_message",
        "ts": "1435234208.000228"
    },
    {
        "text": "",
        "bot_id": "B06HF70G4",
        "attachments": [
            {
                "fallback": "egt-gsa-proto-build - #48 Success after 19 sec (<https:\/\/gsa-fda-proto-jenkins.egt-labs.com\/job\/egt-gsa-proto-build\/48\/|Open>)",
                "id": 1,
                "color": "36a64f",
                "fields": [
                    {
                        "title": "",
                        "value": "egt-gsa-proto-build - #48 Success after 19 sec (<https:\/\/gsa-fda-proto-jenkins.egt-labs.com\/job\/egt-gsa-proto-build\/48\/|Open>)",
                        "short": false
                    }
                ]
            }
        ],
        "type": "message",
        "subtype": "bot_message",
        "ts": "1435234227.000229"
    },
    {
        "text": "",
        "bot_id": "B06HF70G4",
        "attachments": [
            {
                "fallback": "egt-gsa-proto-build - #49 Started by changes from Eldrew (1 file(s) changed) (<https:\/\/gsa-fda-proto-jenkins.egt-labs.com\/job\/egt-gsa-proto-build\/49\/|Open>)",
                "id": 1,
                "color": "36a64f",
                "fields": [
                    {
                        "title": "",
                        "value": "egt-gsa-proto-build - #49 Started by changes from Eldrew (1 file(s) changed) (<https:\/\/gsa-fda-proto-jenkins.egt-labs.com\/job\/egt-gsa-proto-build\/49\/|Open>)",
                        "short": false
                    }
                ]
            }
        ],
        "type": "message",
        "subtype": "bot_message",
        "ts": "1435238768.000230"
    },
    {
        "text": "",
        "bot_id": "B06HF70G4",
        "attachments": [
            {
                "fallback": "egt-gsa-proto-build - #49 Success after 19 sec (<https:\/\/gsa-fda-proto-jenkins.egt-labs.com\/job\/egt-gsa-proto-build\/49\/|Open>)",
                "id": 1,
                "color": "36a64f",
                "fields": [
                    {
                        "title": "",
                        "value": "egt-gsa-proto-build - #49 Success after 19 sec (<https:\/\/gsa-fda-proto-jenkins.egt-labs.com\/job\/egt-gsa-proto-build\/49\/|Open>)",
                        "short": false
                    }
                ]
            }
        ],
        "type": "message",
        "subtype": "bot_message",
        "ts": "1435238787.000231"
    },
    {
        "text": "",
        "bot_id": "B06HF70G4",
        "attachments": [
            {
                "fallback": "egt-gsa-proto-build - #50 Started by changes from Eldrew (1 file(s) changed) (<https:\/\/gsa-fda-proto-jenkins.egt-labs.com\/job\/egt-gsa-proto-build\/50\/|Open>)",
                "id": 1,
                "color": "36a64f",
                "fields": [
                    {
                        "title": "",
                        "value": "egt-gsa-proto-build - #50 Started by changes from Eldrew (1 file(s) changed) (<https:\/\/gsa-fda-proto-jenkins.egt-labs.com\/job\/egt-gsa-proto-build\/50\/|Open>)",
                        "short": false
                    }
                ]
            }
        ],
        "type": "message",
        "subtype": "bot_message",
        "ts": "1435240213.000232"
    },
    {
        "text": "",
        "bot_id": "B06HF70G4",
        "attachments": [
            {
                "fallback": "egt-gsa-proto-build - #50 Success after 26 sec (<https:\/\/gsa-fda-proto-jenkins.egt-labs.com\/job\/egt-gsa-proto-build\/50\/|Open>)",
                "id": 1,
                "color": "36a64f",
                "fields": [
                    {
                        "title": "",
                        "value": "egt-gsa-proto-build - #50 Success after 26 sec (<https:\/\/gsa-fda-proto-jenkins.egt-labs.com\/job\/egt-gsa-proto-build\/50\/|Open>)",
                        "short": false
                    }
                ]
            }
        ],
        "type": "message",
        "subtype": "bot_message",
        "ts": "1435240237.000233"
    },
    {
        "text": "",
        "bot_id": "B06HF70G4",
        "attachments": [
            {
                "fallback": "egt-gsa-proto-build - #51 Started by changes from Manasa.Pandurangi (21 file(s) changed) (<https:\/\/gsa-fda-proto-jenkins.egt-labs.com\/job\/egt-gsa-proto-build\/51\/|Open>)",
                "id": 1,
                "color": "36a64f",
                "fields": [
                    {
                        "title": "",
                        "value": "egt-gsa-proto-build - #51 Started by changes from Manasa.Pandurangi (21 file(s) changed) (<https:\/\/gsa-fda-proto-jenkins.egt-labs.com\/job\/egt-gsa-proto-build\/51\/|Open>)",
                        "short": false
                    }
                ]
            }
        ],
        "type": "message",
        "subtype": "bot_message",
        "ts": "1435243750.000234"
    },
    {
        "text": "",
        "bot_id": "B06HF70G4",
        "attachments": [
            {
                "fallback": "egt-gsa-proto-build - #51 Success after 26 sec (<https:\/\/gsa-fda-proto-jenkins.egt-labs.com\/job\/egt-gsa-proto-build\/51\/|Open>)",
                "id": 1,
                "color": "36a64f",
                "fields": [
                    {
                        "title": "",
                        "value": "egt-gsa-proto-build - #51 Success after 26 sec (<https:\/\/gsa-fda-proto-jenkins.egt-labs.com\/job\/egt-gsa-proto-build\/51\/|Open>)",
                        "short": false
                    }
                ]
            }
        ],
        "type": "message",
        "subtype": "bot_message",
        "ts": "1435243774.000235"
    },
    {
        "text": "",
        "bot_id": "B06HF70G4",
        "attachments": [
            {
                "fallback": "egt-gsa-proto-build - #52 Started by changes from Manasa.Pandurangi (8 file(s) changed) (<https:\/\/gsa-fda-proto-jenkins.egt-labs.com\/job\/egt-gsa-proto-build\/52\/|Open>)",
                "id": 1,
                "color": "36a64f",
                "fields": [
                    {
                        "title": "",
                        "value": "egt-gsa-proto-build - #52 Started by changes from Manasa.Pandurangi (8 file(s) changed) (<https:\/\/gsa-fda-proto-jenkins.egt-labs.com\/job\/egt-gsa-proto-build\/52\/|Open>)",
                        "short": false
                    }
                ]
            }
        ],
        "type": "message",
        "subtype": "bot_message",
        "ts": "1435244887.000236"
    },
    {
        "text": "",
        "bot_id": "B06HF70G4",
        "attachments": [
            {
                "fallback": "egt-gsa-proto-build - #52 Success after 19 sec (<https:\/\/gsa-fda-proto-jenkins.egt-labs.com\/job\/egt-gsa-proto-build\/52\/|Open>)",
                "id": 1,
                "color": "36a64f",
                "fields": [
                    {
                        "title": "",
                        "value": "egt-gsa-proto-build - #52 Success after 19 sec (<https:\/\/gsa-fda-proto-jenkins.egt-labs.com\/job\/egt-gsa-proto-build\/52\/|Open>)",
                        "short": false
                    }
                ]
            }
        ],
        "type": "message",
        "subtype": "bot_message",
        "ts": "1435244907.000237"
    },
    {
        "text": "",
        "bot_id": "B06HF70G4",
        "attachments": [
            {
                "fallback": "egt-gsa-proto-build - #53 Started by changes from Eldrew (1 file(s) changed) (<https:\/\/gsa-fda-proto-jenkins.egt-labs.com\/job\/egt-gsa-proto-build\/53\/|Open>)",
                "id": 1,
                "color": "36a64f",
                "fields": [
                    {
                        "title": "",
                        "value": "egt-gsa-proto-build - #53 Started by changes from Eldrew (1 file(s) changed) (<https:\/\/gsa-fda-proto-jenkins.egt-labs.com\/job\/egt-gsa-proto-build\/53\/|Open>)",
                        "short": false
                    }
                ]
            }
        ],
        "type": "message",
        "subtype": "bot_message",
        "ts": "1435246387.000238"
    },
    {
        "text": "",
        "bot_id": "B06HF70G4",
        "attachments": [
            {
                "fallback": "egt-gsa-proto-build - #53 Success after 19 sec (<https:\/\/gsa-fda-proto-jenkins.egt-labs.com\/job\/egt-gsa-proto-build\/53\/|Open>)",
                "id": 1,
                "color": "36a64f",
                "fields": [
                    {
                        "title": "",
                        "value": "egt-gsa-proto-build - #53 Success after 19 sec (<https:\/\/gsa-fda-proto-jenkins.egt-labs.com\/job\/egt-gsa-proto-build\/53\/|Open>)",
                        "short": false
                    }
                ]
            }
        ],
        "type": "message",
        "subtype": "bot_message",
        "ts": "1435246406.000239"
    },
    {
        "text": "",
        "bot_id": "B06HF70G4",
        "attachments": [
            {
                "fallback": "egt-gsa-proto-build - #1 Starting... after 7.1 sec and counting (<https:\/\/gsa-fda-proto-jenkins.egt-labs.com\/job\/egt-gsa-proto-build\/1\/|Open>)",
                "id": 1,
                "color": "36a64f",
                "fields": [
                    {
                        "title": "",
                        "value": "egt-gsa-proto-build - #1 Starting... after 7.1 sec and counting (<https:\/\/gsa-fda-proto-jenkins.egt-labs.com\/job\/egt-gsa-proto-build\/1\/|Open>)",
                        "short": false
                    }
                ]
            }
        ],
        "type": "message",
        "subtype": "bot_message",
        "ts": "1435248673.000240"
    },
    {
        "text": "",
        "bot_id": "B06HF70G4",
        "attachments": [
            {
                "fallback": "egt-gsa-proto-build - #2 Started by changes from john.stange (9 file(s) changed) (<https:\/\/gsa-fda-proto-jenkins.egt-labs.com\/job\/egt-gsa-proto-build\/2\/|Open>)",
                "id": 1,
                "color": "36a64f",
                "fields": [
                    {
                        "title": "",
                        "value": "egt-gsa-proto-build - #2 Started by changes from john.stange (9 file(s) changed) (<https:\/\/gsa-fda-proto-jenkins.egt-labs.com\/job\/egt-gsa-proto-build\/2\/|Open>)",
                        "short": false
                    }
                ]
            }
        ],
        "type": "message",
        "subtype": "bot_message",
        "ts": "1435249086.000241"
    },
    {
        "text": "",
        "bot_id": "B06HF70G4",
        "attachments": [
            {
                "fallback": "egt-gsa-proto-build - #54 Started by changes from john.stange (9 file(s) changed) (<https:\/\/gsa-fda-proto-jenkins.egt-labs.com\/job\/egt-gsa-proto-build\/54\/|Open>)",
                "id": 1,
                "color": "36a64f",
                "fields": [
                    {
                        "title": "",
                        "value": "egt-gsa-proto-build - #54 Started by changes from john.stange (9 file(s) changed) (<https:\/\/gsa-fda-proto-jenkins.egt-labs.com\/job\/egt-gsa-proto-build\/54\/|Open>)",
                        "short": false
                    }
                ]
            }
        ],
        "type": "message",
        "subtype": "bot_message",
        "ts": "1435249087.000242"
    },
    {
        "text": "",
        "bot_id": "B06HF70G4",
        "attachments": [
            {
                "fallback": "egt-gsa-proto-build - #2 Failure after 4.9 sec (<https:\/\/gsa-fda-proto-jenkins.egt-labs.com\/job\/egt-gsa-proto-build\/2\/|Open>)",
                "id": 1,
                "color": "d00000",
                "fields": [
                    {
                        "title": "",
                        "value": "egt-gsa-proto-build - #2 Failure after 4.9 sec (<https:\/\/gsa-fda-proto-jenkins.egt-labs.com\/job\/egt-gsa-proto-build\/2\/|Open>)",
                        "short": false
                    }
                ]
            }
        ],
        "type": "message",
        "subtype": "bot_message",
        "ts": "1435249090.000243"
    },
    {
        "text": "",
        "bot_id": "B06HF70G4",
        "attachments": [
            {
                "fallback": "egt-gsa-proto-build - #54 Success after 19 sec (<https:\/\/gsa-fda-proto-jenkins.egt-labs.com\/job\/egt-gsa-proto-build\/54\/|Open>)",
                "id": 1,
                "color": "36a64f",
                "fields": [
                    {
                        "title": "",
                        "value": "egt-gsa-proto-build - #54 Success after 19 sec (<https:\/\/gsa-fda-proto-jenkins.egt-labs.com\/job\/egt-gsa-proto-build\/54\/|Open>)",
                        "short": false
                    }
                ]
            }
        ],
        "type": "message",
        "subtype": "bot_message",
        "ts": "1435249106.000244"
    },
    {
        "text": "",
        "bot_id": "B06HF70G4",
        "attachments": [
            {
                "fallback": "egt-gsa-proto-build - #55 Started by changes from Eldrew (1 file(s) changed) (<https:\/\/gsa-fda-proto-jenkins.egt-labs.com\/job\/egt-gsa-proto-build\/55\/|Open>)",
                "id": 1,
                "color": "36a64f",
                "fields": [
                    {
                        "title": "",
                        "value": "egt-gsa-proto-build - #55 Started by changes from Eldrew (1 file(s) changed) (<https:\/\/gsa-fda-proto-jenkins.egt-labs.com\/job\/egt-gsa-proto-build\/55\/|Open>)",
                        "short": false
                    }
                ]
            }
        ],
        "type": "message",
        "subtype": "bot_message",
        "ts": "1435253527.000245"
    },
    {
        "text": "",
        "bot_id": "B06HF70G4",
        "attachments": [
            {
                "fallback": "egt-gsa-proto-build - #55 Success after 19 sec (<https:\/\/gsa-fda-proto-jenkins.egt-labs.com\/job\/egt-gsa-proto-build\/55\/|Open>)",
                "id": 1,
                "color": "36a64f",
                "fields": [
                    {
                        "title": "",
                        "value": "egt-gsa-proto-build - #55 Success after 19 sec (<https:\/\/gsa-fda-proto-jenkins.egt-labs.com\/job\/egt-gsa-proto-build\/55\/|Open>)",
                        "short": false
                    }
                ]
            }
        ],
        "type": "message",
        "subtype": "bot_message",
        "ts": "1435253546.000246"
    },
    {
        "text": "",
        "bot_id": "B06HF70G4",
        "attachments": [
            {
                "fallback": "egt-gsa-proto-build - #56 Started by changes from Eldrew (1 file(s) changed) (<https:\/\/gsa-fda-proto-jenkins.egt-labs.com\/job\/egt-gsa-proto-build\/56\/|Open>)",
                "id": 1,
                "color": "36a64f",
                "fields": [
                    {
                        "title": "",
                        "value": "egt-gsa-proto-build - #56 Started by changes from Eldrew (1 file(s) changed) (<https:\/\/gsa-fda-proto-jenkins.egt-labs.com\/job\/egt-gsa-proto-build\/56\/|Open>)",
                        "short": false
                    }
                ]
            }
        ],
        "type": "message",
        "subtype": "bot_message",
        "ts": "1435253768.000247"
    },
    {
        "text": "",
        "bot_id": "B06HF70G4",
        "attachments": [
            {
                "fallback": "egt-gsa-proto-build - #56 Success after 19 sec (<https:\/\/gsa-fda-proto-jenkins.egt-labs.com\/job\/egt-gsa-proto-build\/56\/|Open>)",
                "id": 1,
                "color": "36a64f",
                "fields": [
                    {
                        "title": "",
                        "value": "egt-gsa-proto-build - #56 Success after 19 sec (<https:\/\/gsa-fda-proto-jenkins.egt-labs.com\/job\/egt-gsa-proto-build\/56\/|Open>)",
                        "short": false
                    }
                ]
            }
        ],
        "type": "message",
        "subtype": "bot_message",
        "ts": "1435253787.000248"
    },
    {
        "text": "",
        "bot_id": "B06HF70G4",
        "attachments": [
            {
                "fallback": "egt-gsa-proto-build - #57 Started by changes from jennifer.hinton (1 file(s) changed) (<https:\/\/gsa-fda-proto-jenkins.egt-labs.com\/job\/egt-gsa-proto-build\/57\/|Open>)",
                "id": 1,
                "color": "36a64f",
                "fields": [
                    {
                        "title": "",
                        "value": "egt-gsa-proto-build - #57 Started by changes from jennifer.hinton (1 file(s) changed) (<https:\/\/gsa-fda-proto-jenkins.egt-labs.com\/job\/egt-gsa-proto-build\/57\/|Open>)",
                        "short": false
                    }
                ]
            }
        ],
        "type": "message",
        "subtype": "bot_message",
        "ts": "1435263188.000249"
    },
    {
        "text": "",
        "bot_id": "B06HF70G4",
        "attachments": [
            {
                "fallback": "egt-gsa-proto-build - #57 Success after 19 sec (<https:\/\/gsa-fda-proto-jenkins.egt-labs.com\/job\/egt-gsa-proto-build\/57\/|Open>)",
                "id": 1,
                "color": "36a64f",
                "fields": [
                    {
                        "title": "",
                        "value": "egt-gsa-proto-build - #57 Success after 19 sec (<https:\/\/gsa-fda-proto-jenkins.egt-labs.com\/job\/egt-gsa-proto-build\/57\/|Open>)",
                        "short": false
                    }
                ]
            }
        ],
        "type": "message",
        "subtype": "bot_message",
        "ts": "1435263207.000250"
    },
    {
        "text": "",
        "bot_id": "B06HF70G4",
        "attachments": [
            {
                "fallback": "egt-gsa-proto-build - #58 Started by changes from Eldrew (1 file(s) changed) (<https:\/\/gsa-fda-proto-jenkins.egt-labs.com\/job\/egt-gsa-proto-build\/58\/|Open>)",
                "id": 1,
                "color": "36a64f",
                "fields": [
                    {
                        "title": "",
                        "value": "egt-gsa-proto-build - #58 Started by changes from Eldrew (1 file(s) changed) (<https:\/\/gsa-fda-proto-jenkins.egt-labs.com\/job\/egt-gsa-proto-build\/58\/|Open>)",
                        "short": false
                    }
                ]
            }
        ],
        "type": "message",
        "subtype": "bot_message",
        "ts": "1435265588.000251"
    },
    {
        "text": "",
        "bot_id": "B06HF70G4",
        "attachments": [
            {
                "fallback": "egt-gsa-proto-build - #58 Success after 19 sec (<https:\/\/gsa-fda-proto-jenkins.egt-labs.com\/job\/egt-gsa-proto-build\/58\/|Open>)",
                "id": 1,
                "color": "36a64f",
                "fields": [
                    {
                        "title": "",
                        "value": "egt-gsa-proto-build - #58 Success after 19 sec (<https:\/\/gsa-fda-proto-jenkins.egt-labs.com\/job\/egt-gsa-proto-build\/58\/|Open>)",
                        "short": false
                    }
                ]
            }
        ],
        "type": "message",
        "subtype": "bot_message",
        "ts": "1435265607.000252"
    },
    {
        "text": "",
        "bot_id": "B06HF70G4",
        "attachments": [
            {
                "fallback": "egt-gsa-proto-build - #59 Started by changes from Eldrew (1 file(s) changed) (<https:\/\/gsa-fda-proto-jenkins.egt-labs.com\/job\/egt-gsa-proto-build\/59\/|Open>)",
                "id": 1,
                "color": "36a64f",
                "fields": [
                    {
                        "title": "",
                        "value": "egt-gsa-proto-build - #59 Started by changes from Eldrew (1 file(s) changed) (<https:\/\/gsa-fda-proto-jenkins.egt-labs.com\/job\/egt-gsa-proto-build\/59\/|Open>)",
                        "short": false
                    }
                ]
            }
        ],
        "type": "message",
        "subtype": "bot_message",
        "ts": "1435267268.000253"
    },
    {
        "text": "",
        "bot_id": "B06HF70G4",
        "attachments": [
            {
                "fallback": "egt-gsa-proto-build - #59 Success after 19 sec (<https:\/\/gsa-fda-proto-jenkins.egt-labs.com\/job\/egt-gsa-proto-build\/59\/|Open>)",
                "id": 1,
                "color": "36a64f",
                "fields": [
                    {
                        "title": "",
                        "value": "egt-gsa-proto-build - #59 Success after 19 sec (<https:\/\/gsa-fda-proto-jenkins.egt-labs.com\/job\/egt-gsa-proto-build\/59\/|Open>)",
                        "short": false
                    }
                ]
            }
        ],
        "type": "message",
        "subtype": "bot_message",
        "ts": "1435267287.000254"
    },
    {
        "text": "",
        "bot_id": "B06HF70G4",
        "attachments": [
            {
                "fallback": "egt-gsa-proto-build - #60 Started by changes from Eldrew (1 file(s) changed) (<https:\/\/gsa-fda-proto-jenkins.egt-labs.com\/job\/egt-gsa-proto-build\/60\/|Open>)",
                "id": 1,
                "color": "36a64f",
                "fields": [
                    {
                        "title": "",
                        "value": "egt-gsa-proto-build - #60 Started by changes from Eldrew (1 file(s) changed) (<https:\/\/gsa-fda-proto-jenkins.egt-labs.com\/job\/egt-gsa-proto-build\/60\/|Open>)",
                        "short": false
                    }
                ]
            }
        ],
        "type": "message",
        "subtype": "bot_message",
        "ts": "1435267388.000255"
    },
    {
        "text": "",
        "bot_id": "B06HF70G4",
        "attachments": [
            {
                "fallback": "egt-gsa-proto-build - #60 Success after 19 sec (<https:\/\/gsa-fda-proto-jenkins.egt-labs.com\/job\/egt-gsa-proto-build\/60\/|Open>)",
                "id": 1,
                "color": "36a64f",
                "fields": [
                    {
                        "title": "",
                        "value": "egt-gsa-proto-build - #60 Success after 19 sec (<https:\/\/gsa-fda-proto-jenkins.egt-labs.com\/job\/egt-gsa-proto-build\/60\/|Open>)",
                        "short": false
                    }
                ]
            }
        ],
        "type": "message",
        "subtype": "bot_message",
        "ts": "1435267407.000256"
    },
    {
        "text": "",
        "bot_id": "B06HF70G4",
        "attachments": [
            {
                "fallback": "egt-gsa-proto-build - #61 Started by changes from jennifer.hinton (1 file(s) changed) (<https:\/\/gsa-fda-proto-jenkins.egt-labs.com\/job\/egt-gsa-proto-build\/61\/|Open>)",
                "id": 1,
                "color": "36a64f",
                "fields": [
                    {
                        "title": "",
                        "value": "egt-gsa-proto-build - #61 Started by changes from jennifer.hinton (1 file(s) changed) (<https:\/\/gsa-fda-proto-jenkins.egt-labs.com\/job\/egt-gsa-proto-build\/61\/|Open>)",
                        "short": false
                    }
                ]
            }
        ],
        "type": "message",
        "subtype": "bot_message",
        "ts": "1435270448.000257"
    },
    {
        "text": "",
        "bot_id": "B06HF70G4",
        "attachments": [
            {
                "fallback": "egt-gsa-proto-build - #61 Success after 19 sec (<https:\/\/gsa-fda-proto-jenkins.egt-labs.com\/job\/egt-gsa-proto-build\/61\/|Open>)",
                "id": 1,
                "color": "36a64f",
                "fields": [
                    {
                        "title": "",
                        "value": "egt-gsa-proto-build - #61 Success after 19 sec (<https:\/\/gsa-fda-proto-jenkins.egt-labs.com\/job\/egt-gsa-proto-build\/61\/|Open>)",
                        "short": false
                    }
                ]
            }
        ],
        "type": "message",
        "subtype": "bot_message",
        "ts": "1435270468.000258"
    },
    {
        "text": "",
        "bot_id": "B06HF70G4",
        "attachments": [
            {
                "fallback": "egt-gsa-proto-build - #62 Started by changes from jennifer.hinton (1 file(s) changed) (<https:\/\/gsa-fda-proto-jenkins.egt-labs.com\/job\/egt-gsa-proto-build\/62\/|Open>)",
                "id": 1,
                "color": "36a64f",
                "fields": [
                    {
                        "title": "",
                        "value": "egt-gsa-proto-build - #62 Started by changes from jennifer.hinton (1 file(s) changed) (<https:\/\/gsa-fda-proto-jenkins.egt-labs.com\/job\/egt-gsa-proto-build\/62\/|Open>)",
                        "short": false
                    }
                ]
            }
        ],
        "type": "message",
        "subtype": "bot_message",
        "ts": "1435270809.000259"
    },
    {
        "text": "",
        "bot_id": "B06HF70G4",
        "attachments": [
            {
                "fallback": "egt-gsa-proto-build - #62 Success after 19 sec (<https:\/\/gsa-fda-proto-jenkins.egt-labs.com\/job\/egt-gsa-proto-build\/62\/|Open>)",
                "id": 1,
                "color": "36a64f",
                "fields": [
                    {
                        "title": "",
                        "value": "egt-gsa-proto-build - #62 Success after 19 sec (<https:\/\/gsa-fda-proto-jenkins.egt-labs.com\/job\/egt-gsa-proto-build\/62\/|Open>)",
                        "short": false
                    }
                ]
            }
        ],
        "type": "message",
        "subtype": "bot_message",
        "ts": "1435270828.000260"
    },
    {
        "text": "",
        "bot_id": "B06HF70G4",
        "attachments": [
            {
                "fallback": "egt-gsa-proto-build - #63 Started by changes from jennifer.hinton (1 file(s) changed) (<https:\/\/gsa-fda-proto-jenkins.egt-labs.com\/job\/egt-gsa-proto-build\/63\/|Open>)",
                "id": 1,
                "color": "36a64f",
                "fields": [
                    {
                        "title": "",
                        "value": "egt-gsa-proto-build - #63 Started by changes from jennifer.hinton (1 file(s) changed) (<https:\/\/gsa-fda-proto-jenkins.egt-labs.com\/job\/egt-gsa-proto-build\/63\/|Open>)",
                        "short": false
                    }
                ]
            }
        ],
        "type": "message",
        "subtype": "bot_message",
        "ts": "1435272069.000261"
    },
    {
        "text": "",
        "bot_id": "B06HF70G4",
        "attachments": [
            {
                "fallback": "egt-gsa-proto-build - #63 Success after 18 sec (<https:\/\/gsa-fda-proto-jenkins.egt-labs.com\/job\/egt-gsa-proto-build\/63\/|Open>)",
                "id": 1,
                "color": "36a64f",
                "fields": [
                    {
                        "title": "",
                        "value": "egt-gsa-proto-build - #63 Success after 18 sec (<https:\/\/gsa-fda-proto-jenkins.egt-labs.com\/job\/egt-gsa-proto-build\/63\/|Open>)",
                        "short": false
                    }
                ]
            }
        ],
        "type": "message",
        "subtype": "bot_message",
        "ts": "1435272087.000262"
    },
    {
        "text": "",
        "bot_id": "B06HF70G4",
        "attachments": [
            {
                "fallback": "egt-gsa-proto-build - #64 Started by changes from jennifer.hinton (1 file(s) changed) (<https:\/\/gsa-fda-proto-jenkins.egt-labs.com\/job\/egt-gsa-proto-build\/64\/|Open>)",
                "id": 1,
                "color": "36a64f",
                "fields": [
                    {
                        "title": "",
                        "value": "egt-gsa-proto-build - #64 Started by changes from jennifer.hinton (1 file(s) changed) (<https:\/\/gsa-fda-proto-jenkins.egt-labs.com\/job\/egt-gsa-proto-build\/64\/|Open>)",
                        "short": false
                    }
                ]
            }
        ],
        "type": "message",
        "subtype": "bot_message",
        "ts": "1435272428.000263"
    },
    {
        "text": "",
        "bot_id": "B06HF70G4",
        "attachments": [
            {
                "fallback": "egt-gsa-proto-build - #64 Success after 18 sec (<https:\/\/gsa-fda-proto-jenkins.egt-labs.com\/job\/egt-gsa-proto-build\/64\/|Open>)",
                "id": 1,
                "color": "36a64f",
                "fields": [
                    {
                        "title": "",
                        "value": "egt-gsa-proto-build - #64 Success after 18 sec (<https:\/\/gsa-fda-proto-jenkins.egt-labs.com\/job\/egt-gsa-proto-build\/64\/|Open>)",
                        "short": false
                    }
                ]
            }
        ],
        "type": "message",
        "subtype": "bot_message",
        "ts": "1435272447.000264"
    },
    {
        "text": "",
        "bot_id": "B06HF70G4",
        "attachments": [
            {
                "fallback": "egt-gsa-proto-build - #65 Started by changes from j.eric.hanson (2 file(s) changed) (<https:\/\/gsa-fda-proto-jenkins.egt-labs.com\/job\/egt-gsa-proto-build\/65\/|Open>)",
                "id": 1,
                "color": "36a64f",
                "fields": [
                    {
                        "title": "",
                        "value": "egt-gsa-proto-build - #65 Started by changes from j.eric.hanson (2 file(s) changed) (<https:\/\/gsa-fda-proto-jenkins.egt-labs.com\/job\/egt-gsa-proto-build\/65\/|Open>)",
                        "short": false
                    }
                ]
            }
        ],
        "type": "message",
        "subtype": "bot_message",
        "ts": "1435284369.000265"
    },
    {
        "text": "",
        "bot_id": "B06HF70G4",
        "attachments": [
            {
                "fallback": "egt-gsa-proto-build - #65 Failure after 1.5 sec (<https:\/\/gsa-fda-proto-jenkins.egt-labs.com\/job\/egt-gsa-proto-build\/65\/|Open>)",
                "id": 1,
                "color": "d00000",
                "fields": [
                    {
                        "title": "",
                        "value": "egt-gsa-proto-build - #65 Failure after 1.5 sec (<https:\/\/gsa-fda-proto-jenkins.egt-labs.com\/job\/egt-gsa-proto-build\/65\/|Open>)",
                        "short": false
                    }
                ]
            }
        ],
        "type": "message",
        "subtype": "bot_message",
        "ts": "1435284370.000266"
    },
    {
        "text": "",
        "bot_id": "B06HF70G4",
        "attachments": [
            {
                "fallback": "egt-gsa-proto-build - #66 Started by changes from j.eric.hanson (1 file(s) changed) (<https:\/\/gsa-fda-proto-jenkins.egt-labs.com\/job\/egt-gsa-proto-build\/66\/|Open>)",
                "id": 1,
                "color": "d00000",
                "fields": [
                    {
                        "title": "",
                        "value": "egt-gsa-proto-build - #66 Started by changes from j.eric.hanson (1 file(s) changed) (<https:\/\/gsa-fda-proto-jenkins.egt-labs.com\/job\/egt-gsa-proto-build\/66\/|Open>)",
                        "short": false
                    }
                ]
            }
        ],
        "type": "message",
        "subtype": "bot_message",
        "ts": "1435289709.000267"
    }
]