[
    {
        "text": "",
        "bot_id": "B06HF70G4",
        "attachments": [
            {
                "fallback": "egt-gsa-proto-build - #60 Started by changes from cgotcu (3 file(s) changed) (<http:\/\/gsa-fda-proto-jenkins.egt-labs.com\/job\/egt-gsa-proto-build\/60\/|Open>)",
                "id": 1,
                "color": "36a64f",
                "fields": [
                    {
                        "title": "",
                        "value": "egt-gsa-proto-build - #60 Started by changes from cgotcu (3 file(s) changed) (<http:\/\/gsa-fda-proto-jenkins.egt-labs.com\/job\/egt-gsa-proto-build\/60\/|Open>)",
                        "short": false
                    }
                ]
            }
        ],
        "type": "message",
        "subtype": "bot_message",
        "ts": "1434915551.000045"
    },
    {
        "text": "",
        "bot_id": "B06HF70G4",
        "attachments": [
            {
                "fallback": "egt-gsa-proto-build - #60 Success after 15 sec (<http:\/\/gsa-fda-proto-jenkins.egt-labs.com\/job\/egt-gsa-proto-build\/60\/|Open>)",
                "id": 1,
                "color": "36a64f",
                "fields": [
                    {
                        "title": "",
                        "value": "egt-gsa-proto-build - #60 Success after 15 sec (<http:\/\/gsa-fda-proto-jenkins.egt-labs.com\/job\/egt-gsa-proto-build\/60\/|Open>)",
                        "short": false
                    }
                ]
            }
        ],
        "type": "message",
        "subtype": "bot_message",
        "ts": "1434915566.000046"
    },
    {
        "text": "",
        "bot_id": "B06HF70G4",
        "attachments": [
            {
                "fallback": "egt-gsa-proto-build - #61 Started by changes from j.eric.hanson (5 file(s) changed) (<http:\/\/gsa-fda-proto-jenkins.egt-labs.com\/job\/egt-gsa-proto-build\/61\/|Open>)",
                "id": 1,
                "color": "36a64f",
                "fields": [
                    {
                        "title": "",
                        "value": "egt-gsa-proto-build - #61 Started by changes from j.eric.hanson (5 file(s) changed) (<http:\/\/gsa-fda-proto-jenkins.egt-labs.com\/job\/egt-gsa-proto-build\/61\/|Open>)",
                        "short": false
                    }
                ]
            }
        ],
        "type": "message",
        "subtype": "bot_message",
        "ts": "1434922146.000047"
    },
    {
        "text": "",
        "bot_id": "B06HF70G4",
        "attachments": [
            {
                "fallback": "egt-gsa-proto-build - #61 Success after 15 sec (<http:\/\/gsa-fda-proto-jenkins.egt-labs.com\/job\/egt-gsa-proto-build\/61\/|Open>)",
                "id": 1,
                "color": "36a64f",
                "fields": [
                    {
                        "title": "",
                        "value": "egt-gsa-proto-build - #61 Success after 15 sec (<http:\/\/gsa-fda-proto-jenkins.egt-labs.com\/job\/egt-gsa-proto-build\/61\/|Open>)",
                        "short": false
                    }
                ]
            }
        ],
        "type": "message",
        "subtype": "bot_message",
        "ts": "1434922161.000048"
    },
    {
        "text": "",
        "bot_id": "B06HF70G4",
        "attachments": [
            {
                "fallback": "egt-gsa-proto-build - #62 Started by changes from j.eric.hanson (3 file(s) changed) (<http:\/\/gsa-fda-proto-jenkins.egt-labs.com\/job\/egt-gsa-proto-build\/62\/|Open>)",
                "id": 1,
                "color": "36a64f",
                "fields": [
                    {
                        "title": "",
                        "value": "egt-gsa-proto-build - #62 Started by changes from j.eric.hanson (3 file(s) changed) (<http:\/\/gsa-fda-proto-jenkins.egt-labs.com\/job\/egt-gsa-proto-build\/62\/|Open>)",
                        "short": false
                    }
                ]
            }
        ],
        "type": "message",
        "subtype": "bot_message",
        "ts": "1434924786.000049"
    },
    {
        "text": "",
        "bot_id": "B06HF70G4",
        "attachments": [
            {
                "fallback": "egt-gsa-proto-build - #62 Success after 15 sec (<http:\/\/gsa-fda-proto-jenkins.egt-labs.com\/job\/egt-gsa-proto-build\/62\/|Open>)",
                "id": 1,
                "color": "36a64f",
                "fields": [
                    {
                        "title": "",
                        "value": "egt-gsa-proto-build - #62 Success after 15 sec (<http:\/\/gsa-fda-proto-jenkins.egt-labs.com\/job\/egt-gsa-proto-build\/62\/|Open>)",
                        "short": false
                    }
                ]
            }
        ],
        "type": "message",
        "subtype": "bot_message",
        "ts": "1434924801.000050"
    },
    {
        "text": "",
        "bot_id": "B06HF70G4",
        "attachments": [
            {
                "fallback": "egt-gsa-proto-build - #63 Started by changes from j.eric.hanson (2 file(s) changed) (<http:\/\/gsa-fda-proto-jenkins.egt-labs.com\/job\/egt-gsa-proto-build\/63\/|Open>)",
                "id": 1,
                "color": "36a64f",
                "fields": [
                    {
                        "title": "",
                        "value": "egt-gsa-proto-build - #63 Started by changes from j.eric.hanson (2 file(s) changed) (<http:\/\/gsa-fda-proto-jenkins.egt-labs.com\/job\/egt-gsa-proto-build\/63\/|Open>)",
                        "short": false
                    }
                ]
            }
        ],
        "type": "message",
        "subtype": "bot_message",
        "ts": "1434930306.000051"
    },
    {
        "text": "",
        "bot_id": "B06HF70G4",
        "attachments": [
            {
                "fallback": "egt-gsa-proto-build - #63 Success after 15 sec (<http:\/\/gsa-fda-proto-jenkins.egt-labs.com\/job\/egt-gsa-proto-build\/63\/|Open>)",
                "id": 1,
                "color": "36a64f",
                "fields": [
                    {
                        "title": "",
                        "value": "egt-gsa-proto-build - #63 Success after 15 sec (<http:\/\/gsa-fda-proto-jenkins.egt-labs.com\/job\/egt-gsa-proto-build\/63\/|Open>)",
                        "short": false
                    }
                ]
            }
        ],
        "type": "message",
        "subtype": "bot_message",
        "ts": "1434930321.000052"
    },
    {
        "text": "",
        "bot_id": "B06HF70G4",
        "attachments": [
            {
                "fallback": "egt-gsa-proto-build - #64 Started by changes from j.eric.hanson (1 file(s) changed) (<http:\/\/gsa-fda-proto-jenkins.egt-labs.com\/job\/egt-gsa-proto-build\/64\/|Open>)",
                "id": 1,
                "color": "36a64f",
                "fields": [
                    {
                        "title": "",
                        "value": "egt-gsa-proto-build - #64 Started by changes from j.eric.hanson (1 file(s) changed) (<http:\/\/gsa-fda-proto-jenkins.egt-labs.com\/job\/egt-gsa-proto-build\/64\/|Open>)",
                        "short": false
                    }
                ]
            }
        ],
        "type": "message",
        "subtype": "bot_message",
        "ts": "1434930486.000053"
    },
    {
        "text": "",
        "bot_id": "B06HF70G4",
        "attachments": [
            {
                "fallback": "egt-gsa-proto-build - #64 Success after 15 sec (<http:\/\/gsa-fda-proto-jenkins.egt-labs.com\/job\/egt-gsa-proto-build\/64\/|Open>)",
                "id": 1,
                "color": "36a64f",
                "fields": [
                    {
                        "title": "",
                        "value": "egt-gsa-proto-build - #64 Success after 15 sec (<http:\/\/gsa-fda-proto-jenkins.egt-labs.com\/job\/egt-gsa-proto-build\/64\/|Open>)",
                        "short": false
                    }
                ]
            }
        ],
        "type": "message",
        "subtype": "bot_message",
        "ts": "1434930502.000054"
    },
    {
        "text": "",
        "bot_id": "B06HF70G4",
        "attachments": [
            {
                "fallback": "egt-gsa-proto-build - #65 Started by changes from j.eric.hanson (6 file(s) changed) (<http:\/\/gsa-fda-proto-jenkins.egt-labs.com\/job\/egt-gsa-proto-build\/65\/|Open>)",
                "id": 1,
                "color": "36a64f",
                "fields": [
                    {
                        "title": "",
                        "value": "egt-gsa-proto-build - #65 Started by changes from j.eric.hanson (6 file(s) changed) (<http:\/\/gsa-fda-proto-jenkins.egt-labs.com\/job\/egt-gsa-proto-build\/65\/|Open>)",
                        "short": false
                    }
                ]
            }
        ],
        "type": "message",
        "subtype": "bot_message",
        "ts": "1434936427.000055"
    },
    {
        "text": "",
        "bot_id": "B06HF70G4",
        "attachments": [
            {
                "fallback": "egt-gsa-proto-build - #65 Success after 15 sec (<http:\/\/gsa-fda-proto-jenkins.egt-labs.com\/job\/egt-gsa-proto-build\/65\/|Open>)",
                "id": 1,
                "color": "36a64f",
                "fields": [
                    {
                        "title": "",
                        "value": "egt-gsa-proto-build - #65 Success after 15 sec (<http:\/\/gsa-fda-proto-jenkins.egt-labs.com\/job\/egt-gsa-proto-build\/65\/|Open>)",
                        "short": false
                    }
                ]
            }
        ],
        "type": "message",
        "subtype": "bot_message",
        "ts": "1434936442.000056"
    },
    {
        "text": "",
        "bot_id": "B06HF70G4",
        "attachments": [
            {
                "fallback": "egt-gsa-proto-build - #66 Started by changes from j.eric.hanson (12 file(s) changed) (<http:\/\/gsa-fda-proto-jenkins.egt-labs.com\/job\/egt-gsa-proto-build\/66\/|Open>)",
                "id": 1,
                "color": "36a64f",
                "fields": [
                    {
                        "title": "",
                        "value": "egt-gsa-proto-build - #66 Started by changes from j.eric.hanson (12 file(s) changed) (<http:\/\/gsa-fda-proto-jenkins.egt-labs.com\/job\/egt-gsa-proto-build\/66\/|Open>)",
                        "short": false
                    }
                ]
            }
        ],
        "type": "message",
        "subtype": "bot_message",
        "ts": "1434939787.000057"
    },
    {
        "text": "",
        "bot_id": "B06HF70G4",
        "attachments": [
            {
                "fallback": "egt-gsa-proto-build - #66 Failure after 9.1 sec (<http:\/\/gsa-fda-proto-jenkins.egt-labs.com\/job\/egt-gsa-proto-build\/66\/|Open>)",
                "id": 1,
                "color": "d00000",
                "fields": [
                    {
                        "title": "",
                        "value": "egt-gsa-proto-build - #66 Failure after 9.1 sec (<http:\/\/gsa-fda-proto-jenkins.egt-labs.com\/job\/egt-gsa-proto-build\/66\/|Open>)",
                        "short": false
                    }
                ]
            }
        ],
        "type": "message",
        "subtype": "bot_message",
        "ts": "1434939796.000058"
    }
]