[
    {
        "text": "",
        "bot_id": "B06HF70G4",
        "attachments": [
            {
                "fallback": "egt-gsa-proto-build - #67 Started by user anonymous (<http:\/\/gsa-fda-proto-jenkins.egt-labs.com\/job\/egt-gsa-proto-build\/67\/|Open>)",
                "id": 1,
                "color": "d00000",
                "fields": [
                    {
                        "title": "",
                        "value": "egt-gsa-proto-build - #67 Started by user anonymous (<http:\/\/gsa-fda-proto-jenkins.egt-labs.com\/job\/egt-gsa-proto-build\/67\/|Open>)",
                        "short": false
                    }
                ]
            }
        ],
        "type": "message",
        "subtype": "bot_message",
        "ts": "1434978744.000059"
    },
    {
        "text": "",
        "bot_id": "B06HF70G4",
        "attachments": [
            {
                "fallback": "egt-gsa-proto-build - #67 Starting... after 0.49 sec and counting (<http:\/\/gsa-fda-proto-jenkins.egt-labs.com\/job\/egt-gsa-proto-build\/67\/|Open>)",
                "id": 1,
                "color": "d00000",
                "fields": [
                    {
                        "title": "",
                        "value": "egt-gsa-proto-build - #67 Starting... after 0.49 sec and counting (<http:\/\/gsa-fda-proto-jenkins.egt-labs.com\/job\/egt-gsa-proto-build\/67\/|Open>)",
                        "short": false
                    }
                ]
            }
        ],
        "type": "message",
        "subtype": "bot_message",
        "ts": "1434978745.000060"
    },
    {
        "text": "",
        "bot_id": "B06HF70G4",
        "attachments": [
            {
                "fallback": "egt-gsa-proto-build - #68 Started by changes from j.eric.hanson (1 file(s) changed) (<http:\/\/gsa-fda-proto-jenkins.egt-labs.com\/job\/egt-gsa-proto-build\/68\/|Open>)",
                "id": 1,
                "color": "d00000",
                "fields": [
                    {
                        "title": "",
                        "value": "egt-gsa-proto-build - #68 Started by changes from j.eric.hanson (1 file(s) changed) (<http:\/\/gsa-fda-proto-jenkins.egt-labs.com\/job\/egt-gsa-proto-build\/68\/|Open>)",
                        "short": false
                    }
                ]
            }
        ],
        "type": "message",
        "subtype": "bot_message",
        "ts": "1434979329.000061"
    },
    {
        "text": "",
        "bot_id": "B06HF70G4",
        "attachments": [
            {
                "fallback": "egt-gsa-proto-build - #68 Back to normal after 17 sec (<http:\/\/gsa-fda-proto-jenkins.egt-labs.com\/job\/egt-gsa-proto-build\/68\/|Open>)",
                "id": 1,
                "color": "36a64f",
                "fields": [
                    {
                        "title": "",
                        "value": "egt-gsa-proto-build - #68 Back to normal after 17 sec (<http:\/\/gsa-fda-proto-jenkins.egt-labs.com\/job\/egt-gsa-proto-build\/68\/|Open>)",
                        "short": false
                    }
                ]
            }
        ],
        "type": "message",
        "subtype": "bot_message",
        "ts": "1434979346.000062"
    },
    {
        "text": "",
        "bot_id": "B06HF70G4",
        "attachments": [
            {
                "fallback": "egt-gsa-proto-build - #6 Started by user anonymous (<https:\/\/gsa-fda-proto-jenkins.egt-labs.com\/job\/egt-gsa-proto-build\/6\/|Open>)",
                "id": 1,
                "color": "d00000",
                "fields": [
                    {
                        "title": "",
                        "value": "egt-gsa-proto-build - #6 Started by user anonymous (<https:\/\/gsa-fda-proto-jenkins.egt-labs.com\/job\/egt-gsa-proto-build\/6\/|Open>)",
                        "short": false
                    }
                ]
            }
        ],
        "type": "message",
        "subtype": "bot_message",
        "ts": "1434997146.000063"
    },
    {
        "text": "",
        "bot_id": "B06HF70G4",
        "attachments": [
            {
                "fallback": "egt-gsa-proto-build - #6 Starting... after 4.6 sec and counting (<https:\/\/gsa-fda-proto-jenkins.egt-labs.com\/job\/egt-gsa-proto-build\/6\/|Open>)",
                "id": 1,
                "color": "d00000",
                "fields": [
                    {
                        "title": "",
                        "value": "egt-gsa-proto-build - #6 Starting... after 4.6 sec and counting (<https:\/\/gsa-fda-proto-jenkins.egt-labs.com\/job\/egt-gsa-proto-build\/6\/|Open>)",
                        "short": false
                    }
                ]
            }
        ],
        "type": "message",
        "subtype": "bot_message",
        "ts": "1434997146.000064"
    },
    {
        "text": "",
        "bot_id": "B06HF70G4",
        "attachments": [
            {
                "fallback": "egt-gsa-proto-build - #6 Back to normal after 20 sec (<https:\/\/gsa-fda-proto-jenkins.egt-labs.com\/job\/egt-gsa-proto-build\/6\/|Open>)",
                "id": 1,
                "color": "36a64f",
                "fields": [
                    {
                        "title": "",
                        "value": "egt-gsa-proto-build - #6 Back to normal after 20 sec (<https:\/\/gsa-fda-proto-jenkins.egt-labs.com\/job\/egt-gsa-proto-build\/6\/|Open>)",
                        "short": false
                    }
                ]
            }
        ],
        "type": "message",
        "subtype": "bot_message",
        "ts": "1434997161.000065"
    },
    {
        "text": "",
        "bot_id": "B06HF70G4",
        "attachments": [
            {
                "fallback": "egt-gsa-proto-build - #1 Starting... after 3.7 sec and counting (<https:\/\/gsa-fda-proto-jenkins.egt-labs.com\/job\/egt-gsa-proto-build\/1\/|Open>)",
                "id": 1,
                "color": "36a64f",
                "fields": [
                    {
                        "title": "",
                        "value": "egt-gsa-proto-build - #1 Starting... after 3.7 sec and counting (<https:\/\/gsa-fda-proto-jenkins.egt-labs.com\/job\/egt-gsa-proto-build\/1\/|Open>)",
                        "short": false
                    }
                ]
            }
        ],
        "type": "message",
        "subtype": "bot_message",
        "ts": "1434998402.000066"
    },
    {
        "text": "",
        "bot_id": "B06HF70G4",
        "attachments": [
            {
                "fallback": "egt-gsa-proto-build - #1 Success after 1 min 26 sec (<https:\/\/gsa-fda-proto-jenkins.egt-labs.com\/job\/egt-gsa-proto-build\/1\/|Open>)",
                "id": 1,
                "color": "36a64f",
                "fields": [
                    {
                        "title": "",
                        "value": "egt-gsa-proto-build - #1 Success after 1 min 26 sec (<https:\/\/gsa-fda-proto-jenkins.egt-labs.com\/job\/egt-gsa-proto-build\/1\/|Open>)",
                        "short": false
                    }
                ]
            }
        ],
        "type": "message",
        "subtype": "bot_message",
        "ts": "1434998483.000067"
    },
    {
        "text": "",
        "bot_id": "B06HF70G4",
        "attachments": [
            {
                "fallback": "egt-gsa-proto-build - #2 Starting... after 0.26 sec and counting (<https:\/\/gsa-fda-proto-jenkins.egt-labs.com\/job\/egt-gsa-proto-build\/2\/|Open>)",
                "id": 1,
                "color": "36a64f",
                "fields": [
                    {
                        "title": "",
                        "value": "egt-gsa-proto-build - #2 Starting... after 0.26 sec and counting (<https:\/\/gsa-fda-proto-jenkins.egt-labs.com\/job\/egt-gsa-proto-build\/2\/|Open>)",
                        "short": false
                    }
                ]
            }
        ],
        "type": "message",
        "subtype": "bot_message",
        "ts": "1434998484.000068"
    },
    {
        "text": "",
        "bot_id": "B06HF70G4",
        "attachments": [
            {
                "fallback": "egt-gsa-proto-build - #2 Success after 12 sec (<https:\/\/gsa-fda-proto-jenkins.egt-labs.com\/job\/egt-gsa-proto-build\/2\/|Open>)",
                "id": 1,
                "color": "36a64f",
                "fields": [
                    {
                        "title": "",
                        "value": "egt-gsa-proto-build - #2 Success after 12 sec (<https:\/\/gsa-fda-proto-jenkins.egt-labs.com\/job\/egt-gsa-proto-build\/2\/|Open>)",
                        "short": false
                    }
                ]
            }
        ],
        "type": "message",
        "subtype": "bot_message",
        "ts": "1434998496.000069"
    },
    {
        "text": "",
        "bot_id": "B06HF70G4",
        "attachments": [
            {
                "fallback": "egt-gsa-proto-build - #3 Started by changes from j.eric.hanson (3 file(s) changed) (<https:\/\/gsa-fda-proto-jenkins.egt-labs.com\/job\/egt-gsa-proto-build\/3\/|Open>)",
                "id": 1,
                "color": "36a64f",
                "fields": [
                    {
                        "title": "",
                        "value": "egt-gsa-proto-build - #3 Started by changes from j.eric.hanson (3 file(s) changed) (<https:\/\/gsa-fda-proto-jenkins.egt-labs.com\/job\/egt-gsa-proto-build\/3\/|Open>)",
                        "short": false
                    }
                ]
            }
        ],
        "type": "message",
        "subtype": "bot_message",
        "ts": "1434998765.000070"
    },
    {
        "text": "",
        "bot_id": "B06HF70G4",
        "attachments": [
            {
                "fallback": "egt-gsa-proto-build - #69 Started by changes from j.eric.hanson (3 file(s) changed) (<http:\/\/gsa-fda-proto-jenkins.egt-labs.com\/job\/egt-gsa-proto-build\/69\/|Open>)",
                "id": 1,
                "color": "36a64f",
                "fields": [
                    {
                        "title": "",
                        "value": "egt-gsa-proto-build - #69 Started by changes from j.eric.hanson (3 file(s) changed) (<http:\/\/gsa-fda-proto-jenkins.egt-labs.com\/job\/egt-gsa-proto-build\/69\/|Open>)",
                        "short": false
                    }
                ]
            }
        ],
        "type": "message",
        "subtype": "bot_message",
        "ts": "1434998770.000071"
    },
    {
        "text": "",
        "bot_id": "B06HF70G4",
        "attachments": [
            {
                "fallback": "egt-gsa-proto-build - #3 Success after 12 sec (<https:\/\/gsa-fda-proto-jenkins.egt-labs.com\/job\/egt-gsa-proto-build\/3\/|Open>)",
                "id": 1,
                "color": "36a64f",
                "fields": [
                    {
                        "title": "",
                        "value": "egt-gsa-proto-build - #3 Success after 12 sec (<https:\/\/gsa-fda-proto-jenkins.egt-labs.com\/job\/egt-gsa-proto-build\/3\/|Open>)",
                        "short": false
                    }
                ]
            }
        ],
        "type": "message",
        "subtype": "bot_message",
        "ts": "1434998777.000072"
    },
    {
        "text": "",
        "bot_id": "B06HF70G4",
        "attachments": [
            {
                "fallback": "egt-gsa-proto-build - #69 Success after 15 sec (<http:\/\/gsa-fda-proto-jenkins.egt-labs.com\/job\/egt-gsa-proto-build\/69\/|Open>)",
                "id": 1,
                "color": "36a64f",
                "fields": [
                    {
                        "title": "",
                        "value": "egt-gsa-proto-build - #69 Success after 15 sec (<http:\/\/gsa-fda-proto-jenkins.egt-labs.com\/job\/egt-gsa-proto-build\/69\/|Open>)",
                        "short": false
                    }
                ]
            }
        ],
        "type": "message",
        "subtype": "bot_message",
        "ts": "1434998786.000073"
    },
    {
        "text": "",
        "bot_id": "B06HF70G4",
        "attachments": [
            {
                "fallback": "egt-gsa-proto-build - #4 Started by changes from j.eric.hanson (12 file(s) changed) (<https:\/\/gsa-fda-proto-jenkins.egt-labs.com\/job\/egt-gsa-proto-build\/4\/|Open>)",
                "id": 1,
                "color": "36a64f",
                "fields": [
                    {
                        "title": "",
                        "value": "egt-gsa-proto-build - #4 Started by changes from j.eric.hanson (12 file(s) changed) (<https:\/\/gsa-fda-proto-jenkins.egt-labs.com\/job\/egt-gsa-proto-build\/4\/|Open>)",
                        "short": false
                    }
                ]
            }
        ],
        "type": "message",
        "subtype": "bot_message",
        "ts": "1435001646.000074"
    },
    {
        "text": "",
        "bot_id": "B06HF70G4",
        "attachments": [
            {
                "fallback": "egt-gsa-proto-build - #70 Started by changes from j.eric.hanson (12 file(s) changed) (<http:\/\/gsa-fda-proto-jenkins.egt-labs.com\/job\/egt-gsa-proto-build\/70\/|Open>)",
                "id": 1,
                "color": "36a64f",
                "fields": [
                    {
                        "title": "",
                        "value": "egt-gsa-proto-build - #70 Started by changes from j.eric.hanson (12 file(s) changed) (<http:\/\/gsa-fda-proto-jenkins.egt-labs.com\/job\/egt-gsa-proto-build\/70\/|Open>)",
                        "short": false
                    }
                ]
            }
        ],
        "type": "message",
        "subtype": "bot_message",
        "ts": "1435001650.000075"
    },
    {
        "text": "",
        "bot_id": "B06HF70G4",
        "attachments": [
            {
                "fallback": "egt-gsa-proto-build - #4 Success after 37 sec (<https:\/\/gsa-fda-proto-jenkins.egt-labs.com\/job\/egt-gsa-proto-build\/4\/|Open>)",
                "id": 1,
                "color": "36a64f",
                "fields": [
                    {
                        "title": "",
                        "value": "egt-gsa-proto-build - #4 Success after 37 sec (<https:\/\/gsa-fda-proto-jenkins.egt-labs.com\/job\/egt-gsa-proto-build\/4\/|Open>)",
                        "short": false
                    }
                ]
            }
        ],
        "type": "message",
        "subtype": "bot_message",
        "ts": "1435001683.000076"
    },
    {
        "text": "",
        "bot_id": "B06HF70G4",
        "attachments": [
            {
                "fallback": "egt-gsa-proto-build - #70 Success after 50 sec (<http:\/\/gsa-fda-proto-jenkins.egt-labs.com\/job\/egt-gsa-proto-build\/70\/|Open>)",
                "id": 1,
                "color": "36a64f",
                "fields": [
                    {
                        "title": "",
                        "value": "egt-gsa-proto-build - #70 Success after 50 sec (<http:\/\/gsa-fda-proto-jenkins.egt-labs.com\/job\/egt-gsa-proto-build\/70\/|Open>)",
                        "short": false
                    }
                ]
            }
        ],
        "type": "message",
        "subtype": "bot_message",
        "ts": "1435001700.000077"
    },
    {
        "text": "",
        "bot_id": "B06HF70G4",
        "attachments": [
            {
                "fallback": "egt-gsa-proto-build - #71 Started by changes from j.eric.hanson (3 file(s) changed) (<http:\/\/gsa-fda-proto-jenkins.egt-labs.com\/job\/egt-gsa-proto-build\/71\/|Open>)",
                "id": 1,
                "color": "36a64f",
                "fields": [
                    {
                        "title": "",
                        "value": "egt-gsa-proto-build - #71 Started by changes from j.eric.hanson (3 file(s) changed) (<http:\/\/gsa-fda-proto-jenkins.egt-labs.com\/job\/egt-gsa-proto-build\/71\/|Open>)",
                        "short": false
                    }
                ]
            }
        ],
        "type": "message",
        "subtype": "bot_message",
        "ts": "1435002550.000078"
    },
    {
        "text": "",
        "bot_id": "B06HF70G4",
        "attachments": [
            {
                "fallback": "egt-gsa-proto-build - #5 Started by changes from j.eric.hanson (3 file(s) changed) (<https:\/\/gsa-fda-proto-jenkins.egt-labs.com\/job\/egt-gsa-proto-build\/5\/|Open>)",
                "id": 1,
                "color": "36a64f",
                "fields": [
                    {
                        "title": "",
                        "value": "egt-gsa-proto-build - #5 Started by changes from j.eric.hanson (3 file(s) changed) (<https:\/\/gsa-fda-proto-jenkins.egt-labs.com\/job\/egt-gsa-proto-build\/5\/|Open>)",
                        "short": false
                    }
                ]
            }
        ],
        "type": "message",
        "subtype": "bot_message",
        "ts": "1435002551.000079"
    },
    {
        "text": "",
        "bot_id": "B06HF70G4",
        "attachments": [
            {
                "fallback": "egt-gsa-proto-build - #5 Success after 14 sec (<https:\/\/gsa-fda-proto-jenkins.egt-labs.com\/job\/egt-gsa-proto-build\/5\/|Open>)",
                "id": 1,
                "color": "36a64f",
                "fields": [
                    {
                        "title": "",
                        "value": "egt-gsa-proto-build - #5 Success after 14 sec (<https:\/\/gsa-fda-proto-jenkins.egt-labs.com\/job\/egt-gsa-proto-build\/5\/|Open>)",
                        "short": false
                    }
                ]
            }
        ],
        "type": "message",
        "subtype": "bot_message",
        "ts": "1435002564.000080"
    },
    {
        "text": "",
        "bot_id": "B06HF70G4",
        "attachments": [
            {
                "fallback": "egt-gsa-proto-build - #71 Success after 18 sec (<http:\/\/gsa-fda-proto-jenkins.egt-labs.com\/job\/egt-gsa-proto-build\/71\/|Open>)",
                "id": 1,
                "color": "36a64f",
                "fields": [
                    {
                        "title": "",
                        "value": "egt-gsa-proto-build - #71 Success after 18 sec (<http:\/\/gsa-fda-proto-jenkins.egt-labs.com\/job\/egt-gsa-proto-build\/71\/|Open>)",
                        "short": false
                    }
                ]
            }
        ],
        "type": "message",
        "subtype": "bot_message",
        "ts": "1435002568.000081"
    },
    {
        "text": "",
        "bot_id": "B06HF70G4",
        "attachments": [
            {
                "fallback": "egt-gsa-proto-build - #6 Started by changes from j.eric.hanson (4 file(s) changed) (<https:\/\/gsa-fda-proto-jenkins.egt-labs.com\/job\/egt-gsa-proto-build\/6\/|Open>)",
                "id": 1,
                "color": "36a64f",
                "fields": [
                    {
                        "title": "",
                        "value": "egt-gsa-proto-build - #6 Started by changes from j.eric.hanson (4 file(s) changed) (<https:\/\/gsa-fda-proto-jenkins.egt-labs.com\/job\/egt-gsa-proto-build\/6\/|Open>)",
                        "short": false
                    }
                ]
            }
        ],
        "type": "message",
        "subtype": "bot_message",
        "ts": "1435004046.000082"
    },
    {
        "text": "",
        "bot_id": "B06HF70G4",
        "attachments": [
            {
                "fallback": "egt-gsa-proto-build - #72 Started by changes from j.eric.hanson (4 file(s) changed) (<http:\/\/gsa-fda-proto-jenkins.egt-labs.com\/job\/egt-gsa-proto-build\/72\/|Open>)",
                "id": 1,
                "color": "36a64f",
                "fields": [
                    {
                        "title": "",
                        "value": "egt-gsa-proto-build - #72 Started by changes from j.eric.hanson (4 file(s) changed) (<http:\/\/gsa-fda-proto-jenkins.egt-labs.com\/job\/egt-gsa-proto-build\/72\/|Open>)",
                        "short": false
                    }
                ]
            }
        ],
        "type": "message",
        "subtype": "bot_message",
        "ts": "1435004050.000083"
    },
    {
        "text": "",
        "bot_id": "B06HF70G4",
        "attachments": [
            {
                "fallback": "egt-gsa-proto-build - #6 Success after 14 sec (<https:\/\/gsa-fda-proto-jenkins.egt-labs.com\/job\/egt-gsa-proto-build\/6\/|Open>)",
                "id": 1,
                "color": "36a64f",
                "fields": [
                    {
                        "title": "",
                        "value": "egt-gsa-proto-build - #6 Success after 14 sec (<https:\/\/gsa-fda-proto-jenkins.egt-labs.com\/job\/egt-gsa-proto-build\/6\/|Open>)",
                        "short": false
                    }
                ]
            }
        ],
        "type": "message",
        "subtype": "bot_message",
        "ts": "1435004060.000084"
    },
    {
        "text": "",
        "bot_id": "B06HF70G4",
        "attachments": [
            {
                "fallback": "egt-gsa-proto-build - #72 Success after 18 sec (<http:\/\/gsa-fda-proto-jenkins.egt-labs.com\/job\/egt-gsa-proto-build\/72\/|Open>)",
                "id": 1,
                "color": "36a64f",
                "fields": [
                    {
                        "title": "",
                        "value": "egt-gsa-proto-build - #72 Success after 18 sec (<http:\/\/gsa-fda-proto-jenkins.egt-labs.com\/job\/egt-gsa-proto-build\/72\/|Open>)",
                        "short": false
                    }
                ]
            }
        ],
        "type": "message",
        "subtype": "bot_message",
        "ts": "1435004068.000085"
    },
    {
        "text": "",
        "bot_id": "B06HF70G4",
        "attachments": [
            {
                "fallback": "egt-gsa-proto-build - #7 Started by changes from j.eric.hanson (6 file(s) changed) (<https:\/\/gsa-fda-proto-jenkins.egt-labs.com\/job\/egt-gsa-proto-build\/7\/|Open>)",
                "id": 1,
                "color": "36a64f",
                "fields": [
                    {
                        "title": "",
                        "value": "egt-gsa-proto-build - #7 Started by changes from j.eric.hanson (6 file(s) changed) (<https:\/\/gsa-fda-proto-jenkins.egt-labs.com\/job\/egt-gsa-proto-build\/7\/|Open>)",
                        "short": false
                    }
                ]
            }
        ],
        "type": "message",
        "subtype": "bot_message",
        "ts": "1435012506.000086"
    },
    {
        "text": "",
        "bot_id": "B06HF70G4",
        "attachments": [
            {
                "fallback": "egt-gsa-proto-build - #73 Started by changes from j.eric.hanson (6 file(s) changed) (<http:\/\/gsa-fda-proto-jenkins.egt-labs.com\/job\/egt-gsa-proto-build\/73\/|Open>)",
                "id": 1,
                "color": "36a64f",
                "fields": [
                    {
                        "title": "",
                        "value": "egt-gsa-proto-build - #73 Started by changes from j.eric.hanson (6 file(s) changed) (<http:\/\/gsa-fda-proto-jenkins.egt-labs.com\/job\/egt-gsa-proto-build\/73\/|Open>)",
                        "short": false
                    }
                ]
            }
        ],
        "type": "message",
        "subtype": "bot_message",
        "ts": "1435012511.000087"
    },
    {
        "text": "",
        "bot_id": "B06HF70G4",
        "attachments": [
            {
                "fallback": "egt-gsa-proto-build - #7 Success after 14 sec (<https:\/\/gsa-fda-proto-jenkins.egt-labs.com\/job\/egt-gsa-proto-build\/7\/|Open>)",
                "id": 1,
                "color": "36a64f",
                "fields": [
                    {
                        "title": "",
                        "value": "egt-gsa-proto-build - #7 Success after 14 sec (<https:\/\/gsa-fda-proto-jenkins.egt-labs.com\/job\/egt-gsa-proto-build\/7\/|Open>)",
                        "short": false
                    }
                ]
            }
        ],
        "type": "message",
        "subtype": "bot_message",
        "ts": "1435012520.000088"
    },
    {
        "text": "",
        "bot_id": "B06HF70G4",
        "attachments": [
            {
                "fallback": "egt-gsa-proto-build - #73 Success after 18 sec (<http:\/\/gsa-fda-proto-jenkins.egt-labs.com\/job\/egt-gsa-proto-build\/73\/|Open>)",
                "id": 1,
                "color": "36a64f",
                "fields": [
                    {
                        "title": "",
                        "value": "egt-gsa-proto-build - #73 Success after 18 sec (<http:\/\/gsa-fda-proto-jenkins.egt-labs.com\/job\/egt-gsa-proto-build\/73\/|Open>)",
                        "short": false
                    }
                ]
            }
        ],
        "type": "message",
        "subtype": "bot_message",
        "ts": "1435012529.000089"
    },
    {
        "text": "",
        "bot_id": "B06HF70G4",
        "attachments": [
            {
                "fallback": "egt-gsa-proto-build - #74 Started by changes from j.eric.hanson (6 file(s) changed) (<http:\/\/gsa-fda-proto-jenkins.egt-labs.com\/job\/egt-gsa-proto-build\/74\/|Open>)",
                "id": 1,
                "color": "36a64f",
                "fields": [
                    {
                        "title": "",
                        "value": "egt-gsa-proto-build - #74 Started by changes from j.eric.hanson (6 file(s) changed) (<http:\/\/gsa-fda-proto-jenkins.egt-labs.com\/job\/egt-gsa-proto-build\/74\/|Open>)",
                        "short": false
                    }
                ]
            }
        ],
        "type": "message",
        "subtype": "bot_message",
        "ts": "1435015866.000090"
    },
    {
        "text": "",
        "bot_id": "B06HF70G4",
        "attachments": [
            {
                "fallback": "egt-gsa-proto-build - #8 Started by changes from j.eric.hanson (6 file(s) changed) (<https:\/\/gsa-fda-proto-jenkins.egt-labs.com\/job\/egt-gsa-proto-build\/8\/|Open>)",
                "id": 1,
                "color": "36a64f",
                "fields": [
                    {
                        "title": "",
                        "value": "egt-gsa-proto-build - #8 Started by changes from j.eric.hanson (6 file(s) changed) (<https:\/\/gsa-fda-proto-jenkins.egt-labs.com\/job\/egt-gsa-proto-build\/8\/|Open>)",
                        "short": false
                    }
                ]
            }
        ],
        "type": "message",
        "subtype": "bot_message",
        "ts": "1435015867.000091"
    },
    {
        "text": "",
        "bot_id": "B06HF70G4",
        "attachments": [
            {
                "fallback": "egt-gsa-proto-build - #8 Success after 14 sec (<https:\/\/gsa-fda-proto-jenkins.egt-labs.com\/job\/egt-gsa-proto-build\/8\/|Open>)",
                "id": 1,
                "color": "36a64f",
                "fields": [
                    {
                        "title": "",
                        "value": "egt-gsa-proto-build - #8 Success after 14 sec (<https:\/\/gsa-fda-proto-jenkins.egt-labs.com\/job\/egt-gsa-proto-build\/8\/|Open>)",
                        "short": false
                    }
                ]
            }
        ],
        "type": "message",
        "subtype": "bot_message",
        "ts": "1435015880.000092"
    },
    {
        "text": "",
        "bot_id": "B06HF70G4",
        "attachments": [
            {
                "fallback": "egt-gsa-proto-build - #74 Success after 18 sec (<http:\/\/gsa-fda-proto-jenkins.egt-labs.com\/job\/egt-gsa-proto-build\/74\/|Open>)",
                "id": 1,
                "color": "36a64f",
                "fields": [
                    {
                        "title": "",
                        "value": "egt-gsa-proto-build - #74 Success after 18 sec (<http:\/\/gsa-fda-proto-jenkins.egt-labs.com\/job\/egt-gsa-proto-build\/74\/|Open>)",
                        "short": false
                    }
                ]
            }
        ],
        "type": "message",
        "subtype": "bot_message",
        "ts": "1435015884.000093"
    },
    {
        "text": "",
        "bot_id": "B06HF70G4",
        "attachments": [
            {
                "fallback": "egt-gsa-proto-build - #1 Starting... after 3.7 sec and counting (<https:\/\/gsa-fda-proto-jenkins.egt-labs.com\/job\/egt-gsa-proto-build\/1\/|Open>)",
                "id": 1,
                "color": "36a64f",
                "fields": [
                    {
                        "title": "",
                        "value": "egt-gsa-proto-build - #1 Starting... after 3.7 sec and counting (<https:\/\/gsa-fda-proto-jenkins.egt-labs.com\/job\/egt-gsa-proto-build\/1\/|Open>)",
                        "short": false
                    }
                ]
            }
        ],
        "type": "message",
        "subtype": "bot_message",
        "ts": "1435025591.000094"
    },
    {
        "text": "",
        "bot_id": "B06HF70G4",
        "attachments": [
            {
                "fallback": "egt-gsa-proto-build - #1 Failure after 2 min 6 sec (<https:\/\/gsa-fda-proto-jenkins.egt-labs.com\/job\/egt-gsa-proto-build\/1\/|Open>)",
                "id": 1,
                "color": "d00000",
                "fields": [
                    {
                        "title": "",
                        "value": "egt-gsa-proto-build - #1 Failure after 2 min 6 sec (<https:\/\/gsa-fda-proto-jenkins.egt-labs.com\/job\/egt-gsa-proto-build\/1\/|Open>)",
                        "short": false
                    }
                ]
            }
        ],
        "type": "message",
        "subtype": "bot_message",
        "ts": "1435025713.000095"
    },
    {
        "text": "",
        "bot_id": "B06HF70G4",
        "attachments": [
            {
                "fallback": "egt-gsa-proto-build - #75 Started by changes from j.eric.hanson (7 file(s) changed) (<http:\/\/gsa-fda-proto-jenkins.egt-labs.com\/job\/egt-gsa-proto-build\/75\/|Open>)",
                "id": 1,
                "color": "36a64f",
                "fields": [
                    {
                        "title": "",
                        "value": "egt-gsa-proto-build - #75 Started by changes from j.eric.hanson (7 file(s) changed) (<http:\/\/gsa-fda-proto-jenkins.egt-labs.com\/job\/egt-gsa-proto-build\/75\/|Open>)",
                        "short": false
                    }
                ]
            }
        ],
        "type": "message",
        "subtype": "bot_message",
        "ts": "1435027627.000096"
    },
    {
        "text": "",
        "bot_id": "B06HF70G4",
        "attachments": [
            {
                "fallback": "egt-gsa-proto-build - #9 Started by changes from j.eric.hanson (7 file(s) changed) (<https:\/\/gsa-fda-proto-jenkins.egt-labs.com\/job\/egt-gsa-proto-build\/9\/|Open>)",
                "id": 1,
                "color": "36a64f",
                "fields": [
                    {
                        "title": "",
                        "value": "egt-gsa-proto-build - #9 Started by changes from j.eric.hanson (7 file(s) changed) (<https:\/\/gsa-fda-proto-jenkins.egt-labs.com\/job\/egt-gsa-proto-build\/9\/|Open>)",
                        "short": false
                    }
                ]
            }
        ],
        "type": "message",
        "subtype": "bot_message",
        "ts": "1435027627.000097"
    },
    {
        "text": "",
        "bot_id": "B06HF70G4",
        "attachments": [
            {
                "fallback": "egt-gsa-proto-build - #9 Success after 13 sec (<https:\/\/gsa-fda-proto-jenkins.egt-labs.com\/job\/egt-gsa-proto-build\/9\/|Open>)",
                "id": 1,
                "color": "36a64f",
                "fields": [
                    {
                        "title": "",
                        "value": "egt-gsa-proto-build - #9 Success after 13 sec (<https:\/\/gsa-fda-proto-jenkins.egt-labs.com\/job\/egt-gsa-proto-build\/9\/|Open>)",
                        "short": false
                    }
                ]
            }
        ],
        "type": "message",
        "subtype": "bot_message",
        "ts": "1435027641.000098"
    },
    {
        "text": "",
        "bot_id": "B06HF70G4",
        "attachments": [
            {
                "fallback": "egt-gsa-proto-build - #75 Success after 18 sec (<http:\/\/gsa-fda-proto-jenkins.egt-labs.com\/job\/egt-gsa-proto-build\/75\/|Open>)",
                "id": 1,
                "color": "36a64f",
                "fields": [
                    {
                        "title": "",
                        "value": "egt-gsa-proto-build - #75 Success after 18 sec (<http:\/\/gsa-fda-proto-jenkins.egt-labs.com\/job\/egt-gsa-proto-build\/75\/|Open>)",
                        "short": false
                    }
                ]
            }
        ],
        "type": "message",
        "subtype": "bot_message",
        "ts": "1435027645.000099"
    }
]