[
    {
        "text": "",
        "bot_id": "B06HF70G4",
        "attachments": [
            {
                "fallback": "egt-gsa-proto-build - #4 Started by user anonymous (<http:\/\/gsa-fda-proto-jenkins.egt-labs.com\/job\/egt-gsa-proto-build\/4\/|Open>)",
                "id": 1,
                "color": "36a64f",
                "fields": [
                    {
                        "title": "",
                        "value": "egt-gsa-proto-build - #4 Started by user anonymous (<http:\/\/gsa-fda-proto-jenkins.egt-labs.com\/job\/egt-gsa-proto-build\/4\/|Open>)",
                        "short": false
                    }
                ]
            }
        ],
        "type": "message",
        "subtype": "bot_message",
        "ts": "1434726848.000002"
    },
    {
        "text": "",
        "bot_id": "B06HF70G4",
        "attachments": [
            {
                "fallback": "egt-gsa-proto-build - #4 Starting... after 0.44 sec and counting (<http:\/\/gsa-fda-proto-jenkins.egt-labs.com\/job\/egt-gsa-proto-build\/4\/|Open>)",
                "id": 1,
                "color": "36a64f",
                "fields": [
                    {
                        "title": "",
                        "value": "egt-gsa-proto-build - #4 Starting... after 0.44 sec and counting (<http:\/\/gsa-fda-proto-jenkins.egt-labs.com\/job\/egt-gsa-proto-build\/4\/|Open>)",
                        "short": false
                    }
                ]
            }
        ],
        "type": "message",
        "subtype": "bot_message",
        "ts": "1434726848.000003"
    },
    {
        "text": "",
        "bot_id": "B06HF70G4",
        "attachments": [
            {
                "fallback": "egt-gsa-proto-build - #4 Success after 0.62 sec (<http:\/\/gsa-fda-proto-jenkins.egt-labs.com\/job\/egt-gsa-proto-build\/4\/|Open>)",
                "id": 1,
                "color": "36a64f",
                "fields": [
                    {
                        "title": "",
                        "value": "egt-gsa-proto-build - #4 Success after 0.62 sec (<http:\/\/gsa-fda-proto-jenkins.egt-labs.com\/job\/egt-gsa-proto-build\/4\/|Open>)",
                        "short": false
                    }
                ]
            }
        ],
        "type": "message",
        "subtype": "bot_message",
        "ts": "1434726848.000004"
    },
    {
        "user": "U06GY740J",
        "inviter": "U06H7NYLQ",
        "type": "message",
        "subtype": "channel_join",
        "text": "<@U06GY740J|eric.hanson.egt> has joined the channel",
        "ts": "1434727183.000005"
    },
    {
        "user": "U06HB3LLR",
        "inviter": "U06H7NYLQ",
        "type": "message",
        "subtype": "channel_join",
        "text": "<@U06HB3LLR|rkadayam> has joined the channel",
        "ts": "1434727183.000006"
    },
    {
        "user": "U06GU12K1",
        "inviter": "U06H7NYLQ",
        "type": "message",
        "subtype": "channel_join",
        "text": "<@U06GU12K1|john.stange> has joined the channel",
        "ts": "1434727183.000007"
    },
    {
        "user": "U06GSS1QB",
        "inviter": "U06H7NYLQ",
        "type": "message",
        "subtype": "channel_join",
        "text": "<@U06GSS1QB|robert.patt-corner> has joined the channel",
        "ts": "1434727183.000008"
    },
    {
        "user": "U06FLV9PA",
        "inviter": "U06H7NYLQ",
        "type": "message",
        "subtype": "channel_join",
        "text": "<@U06FLV9PA|zach> has joined the channel",
        "ts": "1434727183.000009"
    },
    {
        "text": "",
        "bot_id": "B06HF70G4",
        "attachments": [
            {
                "fallback": "egt-gsa-proto-build - #5 Started by changes from Jai Bapna (1 file(s) changed) (<http:\/\/gsa-fda-proto-jenkins.egt-labs.com\/job\/egt-gsa-proto-build\/5\/|Open>)",
                "id": 1,
                "color": "36a64f",
                "fields": [
                    {
                        "title": "",
                        "value": "egt-gsa-proto-build - #5 Started by changes from Jai Bapna (1 file(s) changed) (<http:\/\/gsa-fda-proto-jenkins.egt-labs.com\/job\/egt-gsa-proto-build\/5\/|Open>)",
                        "short": false
                    }
                ]
            }
        ],
        "type": "message",
        "subtype": "bot_message",
        "ts": "1434727993.000010"
    },
    {
        "text": "",
        "bot_id": "B06HF70G4",
        "attachments": [
            {
                "fallback": "egt-gsa-proto-build - #5 Success after 3.1 sec (<http:\/\/gsa-fda-proto-jenkins.egt-labs.com\/job\/egt-gsa-proto-build\/5\/|Open>)",
                "id": 1,
                "color": "36a64f",
                "fields": [
                    {
                        "title": "",
                        "value": "egt-gsa-proto-build - #5 Success after 3.1 sec (<http:\/\/gsa-fda-proto-jenkins.egt-labs.com\/job\/egt-gsa-proto-build\/5\/|Open>)",
                        "short": false
                    }
                ]
            }
        ],
        "type": "message",
        "subtype": "bot_message",
        "ts": "1434727994.000011"
    },
    {
        "text": "",
        "bot_id": "B06HF70G4",
        "attachments": [
            {
                "fallback": "egt-gsa-proto-build - #13 Started by user Jai Bapna (<http:\/\/gsa-fda-proto-jenkins.egt-labs.com\/job\/egt-gsa-proto-build\/13\/|Open>)",
                "id": 1,
                "color": "36a64f",
                "fields": [
                    {
                        "title": "",
                        "value": "egt-gsa-proto-build - #13 Started by user Jai Bapna (<http:\/\/gsa-fda-proto-jenkins.egt-labs.com\/job\/egt-gsa-proto-build\/13\/|Open>)",
                        "short": false
                    }
                ]
            }
        ],
        "type": "message",
        "subtype": "bot_message",
        "ts": "1434732008.000012"
    },
    {
        "text": "",
        "bot_id": "B06HF70G4",
        "attachments": [
            {
                "fallback": "egt-gsa-proto-build - #13 Starting... after 0.54 sec and counting (<http:\/\/gsa-fda-proto-jenkins.egt-labs.com\/job\/egt-gsa-proto-build\/13\/|Open>)",
                "id": 1,
                "color": "36a64f",
                "fields": [
                    {
                        "title": "",
                        "value": "egt-gsa-proto-build - #13 Starting... after 0.54 sec and counting (<http:\/\/gsa-fda-proto-jenkins.egt-labs.com\/job\/egt-gsa-proto-build\/13\/|Open>)",
                        "short": false
                    }
                ]
            }
        ],
        "type": "message",
        "subtype": "bot_message",
        "ts": "1434732008.000013"
    },
    {
        "text": "",
        "bot_id": "B06HF70G4",
        "attachments": [
            {
                "fallback": "egt-gsa-proto-build - #13 Success after 18 sec (<http:\/\/gsa-fda-proto-jenkins.egt-labs.com\/job\/egt-gsa-proto-build\/13\/|Open>)",
                "id": 1,
                "color": "36a64f",
                "fields": [
                    {
                        "title": "",
                        "value": "egt-gsa-proto-build - #13 Success after 18 sec (<http:\/\/gsa-fda-proto-jenkins.egt-labs.com\/job\/egt-gsa-proto-build\/13\/|Open>)",
                        "short": false
                    }
                ]
            }
        ],
        "type": "message",
        "subtype": "bot_message",
        "ts": "1434732027.000014"
    },
    {
        "text": "",
        "bot_id": "B06HF70G4",
        "attachments": [
            {
                "fallback": "egt-gsa-proto-build - #18 Started by user Jai Bapna (<http:\/\/gsa-fda-proto-jenkins.egt-labs.com\/job\/egt-gsa-proto-build\/18\/|Open>)",
                "id": 1,
                "color": "36a64f",
                "fields": [
                    {
                        "title": "",
                        "value": "egt-gsa-proto-build - #18 Started by user Jai Bapna (<http:\/\/gsa-fda-proto-jenkins.egt-labs.com\/job\/egt-gsa-proto-build\/18\/|Open>)",
                        "short": false
                    }
                ]
            }
        ],
        "type": "message",
        "subtype": "bot_message",
        "ts": "1434733509.000015"
    },
    {
        "text": "",
        "bot_id": "B06HF70G4",
        "attachments": [
            {
                "fallback": "egt-gsa-proto-build - #18 Starting... after 4.5 sec and counting (<http:\/\/gsa-fda-proto-jenkins.egt-labs.com\/job\/egt-gsa-proto-build\/18\/|Open>)",
                "id": 1,
                "color": "36a64f",
                "fields": [
                    {
                        "title": "",
                        "value": "egt-gsa-proto-build - #18 Starting... after 4.5 sec and counting (<http:\/\/gsa-fda-proto-jenkins.egt-labs.com\/job\/egt-gsa-proto-build\/18\/|Open>)",
                        "short": false
                    }
                ]
            }
        ],
        "type": "message",
        "subtype": "bot_message",
        "ts": "1434733512.000016"
    },
    {
        "text": "",
        "bot_id": "B06HF70G4",
        "attachments": [
            {
                "fallback": "egt-gsa-proto-build - #18 Success after 24 sec (<http:\/\/gsa-fda-proto-jenkins.egt-labs.com\/job\/egt-gsa-proto-build\/18\/|Open>)",
                "id": 1,
                "color": "36a64f",
                "fields": [
                    {
                        "title": "",
                        "value": "egt-gsa-proto-build - #18 Success after 24 sec (<http:\/\/gsa-fda-proto-jenkins.egt-labs.com\/job\/egt-gsa-proto-build\/18\/|Open>)",
                        "short": false
                    }
                ]
            }
        ],
        "type": "message",
        "subtype": "bot_message",
        "ts": "1434733532.000017"
    },
    {
        "text": "",
        "bot_id": "B06HF70G4",
        "attachments": [
            {
                "fallback": "egt-gsa-proto-build - #19 Started by user Jai Bapna (<http:\/\/gsa-fda-proto-jenkins.egt-labs.com\/job\/egt-gsa-proto-build\/19\/|Open>)",
                "id": 1,
                "color": "36a64f",
                "fields": [
                    {
                        "title": "",
                        "value": "egt-gsa-proto-build - #19 Started by user Jai Bapna (<http:\/\/gsa-fda-proto-jenkins.egt-labs.com\/job\/egt-gsa-proto-build\/19\/|Open>)",
                        "short": false
                    }
                ]
            }
        ],
        "type": "message",
        "subtype": "bot_message",
        "ts": "1434733618.000018"
    },
    {
        "text": "",
        "bot_id": "B06HF70G4",
        "attachments": [
            {
                "fallback": "egt-gsa-proto-build - #19 Starting... after 0.46 sec and counting (<http:\/\/gsa-fda-proto-jenkins.egt-labs.com\/job\/egt-gsa-proto-build\/19\/|Open>)",
                "id": 1,
                "color": "36a64f",
                "fields": [
                    {
                        "title": "",
                        "value": "egt-gsa-proto-build - #19 Starting... after 0.46 sec and counting (<http:\/\/gsa-fda-proto-jenkins.egt-labs.com\/job\/egt-gsa-proto-build\/19\/|Open>)",
                        "short": false
                    }
                ]
            }
        ],
        "type": "message",
        "subtype": "bot_message",
        "ts": "1434733618.000019"
    },
    {
        "text": "",
        "bot_id": "B06HF70G4",
        "attachments": [
            {
                "fallback": "egt-gsa-proto-build - #19 Success after 19 sec (<http:\/\/gsa-fda-proto-jenkins.egt-labs.com\/job\/egt-gsa-proto-build\/19\/|Open>)",
                "id": 1,
                "color": "36a64f",
                "fields": [
                    {
                        "title": "",
                        "value": "egt-gsa-proto-build - #19 Success after 19 sec (<http:\/\/gsa-fda-proto-jenkins.egt-labs.com\/job\/egt-gsa-proto-build\/19\/|Open>)",
                        "short": false
                    }
                ]
            }
        ],
        "type": "message",
        "subtype": "bot_message",
        "ts": "1434733638.000020"
    },
    {
        "text": "",
        "bot_id": "B06HF70G4",
        "attachments": [
            {
                "fallback": "egt-gsa-proto-build - #20 Started by user Jai Bapna (<http:\/\/gsa-fda-proto-jenkins.egt-labs.com\/job\/egt-gsa-proto-build\/20\/|Open>)",
                "id": 1,
                "color": "36a64f",
                "fields": [
                    {
                        "title": "",
                        "value": "egt-gsa-proto-build - #20 Started by user Jai Bapna (<http:\/\/gsa-fda-proto-jenkins.egt-labs.com\/job\/egt-gsa-proto-build\/20\/|Open>)",
                        "short": false
                    }
                ]
            }
        ],
        "type": "message",
        "subtype": "bot_message",
        "ts": "1434733704.000021"
    },
    {
        "text": "",
        "bot_id": "B06HF70G4",
        "attachments": [
            {
                "fallback": "egt-gsa-proto-build - #20 Started by changes from Jai Bapna (1 file(s) changed) (<http:\/\/gsa-fda-proto-jenkins.egt-labs.com\/job\/egt-gsa-proto-build\/20\/|Open>)",
                "id": 1,
                "color": "36a64f",
                "fields": [
                    {
                        "title": "",
                        "value": "egt-gsa-proto-build - #20 Started by changes from Jai Bapna (1 file(s) changed) (<http:\/\/gsa-fda-proto-jenkins.egt-labs.com\/job\/egt-gsa-proto-build\/20\/|Open>)",
                        "short": false
                    }
                ]
            }
        ],
        "type": "message",
        "subtype": "bot_message",
        "ts": "1434733704.000022"
    },
    {
        "text": "",
        "bot_id": "B06HF70G4",
        "attachments": [
            {
                "fallback": "egt-gsa-proto-build - #20 Success after 19 sec (<http:\/\/gsa-fda-proto-jenkins.egt-labs.com\/job\/egt-gsa-proto-build\/20\/|Open>)",
                "id": 1,
                "color": "36a64f",
                "fields": [
                    {
                        "title": "",
                        "value": "egt-gsa-proto-build - #20 Success after 19 sec (<http:\/\/gsa-fda-proto-jenkins.egt-labs.com\/job\/egt-gsa-proto-build\/20\/|Open>)",
                        "short": false
                    }
                ]
            }
        ],
        "type": "message",
        "subtype": "bot_message",
        "ts": "1434733723.000023"
    },
    {
        "text": "",
        "bot_id": "B06HF70G4",
        "attachments": [
            {
                "fallback": "egt-gsa-proto-build - #21 Started by user Jai Bapna (<http:\/\/gsa-fda-proto-jenkins.egt-labs.com\/job\/egt-gsa-proto-build\/21\/|Open>)",
                "id": 1,
                "color": "36a64f",
                "fields": [
                    {
                        "title": "",
                        "value": "egt-gsa-proto-build - #21 Started by user Jai Bapna (<http:\/\/gsa-fda-proto-jenkins.egt-labs.com\/job\/egt-gsa-proto-build\/21\/|Open>)",
                        "short": false
                    }
                ]
            }
        ],
        "type": "message",
        "subtype": "bot_message",
        "ts": "1434733783.000024"
    },
    {
        "text": "",
        "bot_id": "B06HF70G4",
        "attachments": [
            {
                "fallback": "egt-gsa-proto-build - #21 Started by changes from Jai Bapna (1 file(s) changed) (<http:\/\/gsa-fda-proto-jenkins.egt-labs.com\/job\/egt-gsa-proto-build\/21\/|Open>)",
                "id": 1,
                "color": "36a64f",
                "fields": [
                    {
                        "title": "",
                        "value": "egt-gsa-proto-build - #21 Started by changes from Jai Bapna (1 file(s) changed) (<http:\/\/gsa-fda-proto-jenkins.egt-labs.com\/job\/egt-gsa-proto-build\/21\/|Open>)",
                        "short": false
                    }
                ]
            }
        ],
        "type": "message",
        "subtype": "bot_message",
        "ts": "1434733783.000025"
    },
    {
        "text": "",
        "bot_id": "B06HF70G4",
        "attachments": [
            {
                "fallback": "egt-gsa-proto-build - #21 Success after 19 sec (<http:\/\/gsa-fda-proto-jenkins.egt-labs.com\/job\/egt-gsa-proto-build\/21\/|Open>)",
                "id": 1,
                "color": "36a64f",
                "fields": [
                    {
                        "title": "",
                        "value": "egt-gsa-proto-build - #21 Success after 19 sec (<http:\/\/gsa-fda-proto-jenkins.egt-labs.com\/job\/egt-gsa-proto-build\/21\/|Open>)",
                        "short": false
                    }
                ]
            }
        ],
        "type": "message",
        "subtype": "bot_message",
        "ts": "1434733802.000026"
    },
    {
        "text": "",
        "bot_id": "B06HF70G4",
        "attachments": [
            {
                "fallback": "egt-gsa-proto-build - #22 Started by user Jai Bapna (<http:\/\/gsa-fda-proto-jenkins.egt-labs.com\/job\/egt-gsa-proto-build\/22\/|Open>)",
                "id": 1,
                "color": "36a64f",
                "fields": [
                    {
                        "title": "",
                        "value": "egt-gsa-proto-build - #22 Started by user Jai Bapna (<http:\/\/gsa-fda-proto-jenkins.egt-labs.com\/job\/egt-gsa-proto-build\/22\/|Open>)",
                        "short": false
                    }
                ]
            }
        ],
        "type": "message",
        "subtype": "bot_message",
        "ts": "1434734498.000027"
    },
    {
        "text": "",
        "bot_id": "B06HF70G4",
        "attachments": [
            {
                "fallback": "egt-gsa-proto-build - #22 Starting... after 0.61 sec and counting (<http:\/\/gsa-fda-proto-jenkins.egt-labs.com\/job\/egt-gsa-proto-build\/22\/|Open>)",
                "id": 1,
                "color": "36a64f",
                "fields": [
                    {
                        "title": "",
                        "value": "egt-gsa-proto-build - #22 Starting... after 0.61 sec and counting (<http:\/\/gsa-fda-proto-jenkins.egt-labs.com\/job\/egt-gsa-proto-build\/22\/|Open>)",
                        "short": false
                    }
                ]
            }
        ],
        "type": "message",
        "subtype": "bot_message",
        "ts": "1434734498.000028"
    },
    {
        "text": "",
        "bot_id": "B06HF70G4",
        "attachments": [
            {
                "fallback": "egt-gsa-proto-build - #22 Success after 18 sec (<http:\/\/gsa-fda-proto-jenkins.egt-labs.com\/job\/egt-gsa-proto-build\/22\/|Open>)",
                "id": 1,
                "color": "36a64f",
                "fields": [
                    {
                        "title": "",
                        "value": "egt-gsa-proto-build - #22 Success after 18 sec (<http:\/\/gsa-fda-proto-jenkins.egt-labs.com\/job\/egt-gsa-proto-build\/22\/|Open>)",
                        "short": false
                    }
                ]
            }
        ],
        "type": "message",
        "subtype": "bot_message",
        "ts": "1434734516.000029"
    },
    {
        "text": "",
        "bot_id": "B06HF70G4",
        "attachments": [
            {
                "fallback": "egt-gsa-proto-build - #23 Started by user Jai Bapna (<http:\/\/gsa-fda-proto-jenkins.egt-labs.com\/job\/egt-gsa-proto-build\/23\/|Open>)",
                "id": 1,
                "color": "36a64f",
                "fields": [
                    {
                        "title": "",
                        "value": "egt-gsa-proto-build - #23 Started by user Jai Bapna (<http:\/\/gsa-fda-proto-jenkins.egt-labs.com\/job\/egt-gsa-proto-build\/23\/|Open>)",
                        "short": false
                    }
                ]
            }
        ],
        "type": "message",
        "subtype": "bot_message",
        "ts": "1434734676.000030"
    },
    {
        "text": "",
        "bot_id": "B06HF70G4",
        "attachments": [
            {
                "fallback": "egt-gsa-proto-build - #23 Starting... after 0.43 sec and counting (<http:\/\/gsa-fda-proto-jenkins.egt-labs.com\/job\/egt-gsa-proto-build\/23\/|Open>)",
                "id": 1,
                "color": "36a64f",
                "fields": [
                    {
                        "title": "",
                        "value": "egt-gsa-proto-build - #23 Starting... after 0.43 sec and counting (<http:\/\/gsa-fda-proto-jenkins.egt-labs.com\/job\/egt-gsa-proto-build\/23\/|Open>)",
                        "short": false
                    }
                ]
            }
        ],
        "type": "message",
        "subtype": "bot_message",
        "ts": "1434734676.000031"
    },
    {
        "text": "",
        "bot_id": "B06HF70G4",
        "attachments": [
            {
                "fallback": "egt-gsa-proto-build - #23 Success after 19 sec (<http:\/\/gsa-fda-proto-jenkins.egt-labs.com\/job\/egt-gsa-proto-build\/23\/|Open>)",
                "id": 1,
                "color": "36a64f",
                "fields": [
                    {
                        "title": "",
                        "value": "egt-gsa-proto-build - #23 Success after 19 sec (<http:\/\/gsa-fda-proto-jenkins.egt-labs.com\/job\/egt-gsa-proto-build\/23\/|Open>)",
                        "short": false
                    }
                ]
            }
        ],
        "type": "message",
        "subtype": "bot_message",
        "ts": "1434734695.000032"
    },
    {
        "text": "",
        "bot_id": "B06HF70G4",
        "attachments": [
            {
                "fallback": "egt-gsa-proto-build - #24 Started by user Jai Bapna (<http:\/\/gsa-fda-proto-jenkins.egt-labs.com\/job\/egt-gsa-proto-build\/24\/|Open>)",
                "id": 1,
                "color": "36a64f",
                "fields": [
                    {
                        "title": "",
                        "value": "egt-gsa-proto-build - #24 Started by user Jai Bapna (<http:\/\/gsa-fda-proto-jenkins.egt-labs.com\/job\/egt-gsa-proto-build\/24\/|Open>)",
                        "short": false
                    }
                ]
            }
        ],
        "type": "message",
        "subtype": "bot_message",
        "ts": "1434734853.000033"
    },
    {
        "text": "",
        "bot_id": "B06HF70G4",
        "attachments": [
            {
                "fallback": "egt-gsa-proto-build - #24 Starting... after 0.53 sec and counting (<http:\/\/gsa-fda-proto-jenkins.egt-labs.com\/job\/egt-gsa-proto-build\/24\/|Open>)",
                "id": 1,
                "color": "36a64f",
                "fields": [
                    {
                        "title": "",
                        "value": "egt-gsa-proto-build - #24 Starting... after 0.53 sec and counting (<http:\/\/gsa-fda-proto-jenkins.egt-labs.com\/job\/egt-gsa-proto-build\/24\/|Open>)",
                        "short": false
                    }
                ]
            }
        ],
        "type": "message",
        "subtype": "bot_message",
        "ts": "1434734853.000034"
    },
    {
        "text": "",
        "bot_id": "B06HF70G4",
        "attachments": [
            {
                "fallback": "egt-gsa-proto-build - #24 Success after 59 sec (<http:\/\/gsa-fda-proto-jenkins.egt-labs.com\/job\/egt-gsa-proto-build\/24\/|Open>)",
                "id": 1,
                "color": "36a64f",
                "fields": [
                    {
                        "title": "",
                        "value": "egt-gsa-proto-build - #24 Success after 59 sec (<http:\/\/gsa-fda-proto-jenkins.egt-labs.com\/job\/egt-gsa-proto-build\/24\/|Open>)",
                        "short": false
                    }
                ]
            }
        ],
        "type": "message",
        "subtype": "bot_message",
        "ts": "1434734911.000035"
    },
    {
        "text": "",
        "bot_id": "B06HF70G4",
        "attachments": [
            {
                "fallback": "egt-gsa-proto-build - #25 Started by user Jai Bapna (<http:\/\/gsa-fda-proto-jenkins.egt-labs.com\/job\/egt-gsa-proto-build\/25\/|Open>)",
                "id": 1,
                "color": "36a64f",
                "fields": [
                    {
                        "title": "",
                        "value": "egt-gsa-proto-build - #25 Started by user Jai Bapna (<http:\/\/gsa-fda-proto-jenkins.egt-labs.com\/job\/egt-gsa-proto-build\/25\/|Open>)",
                        "short": false
                    }
                ]
            }
        ],
        "type": "message",
        "subtype": "bot_message",
        "ts": "1434735335.000036"
    },
    {
        "text": "",
        "bot_id": "B06HF70G4",
        "attachments": [
            {
                "fallback": "egt-gsa-proto-build - #25 Starting... after 0.49 sec and counting (<http:\/\/gsa-fda-proto-jenkins.egt-labs.com\/job\/egt-gsa-proto-build\/25\/|Open>)",
                "id": 1,
                "color": "36a64f",
                "fields": [
                    {
                        "title": "",
                        "value": "egt-gsa-proto-build - #25 Starting... after 0.49 sec and counting (<http:\/\/gsa-fda-proto-jenkins.egt-labs.com\/job\/egt-gsa-proto-build\/25\/|Open>)",
                        "short": false
                    }
                ]
            }
        ],
        "type": "message",
        "subtype": "bot_message",
        "ts": "1434735335.000037"
    },
    {
        "text": "",
        "bot_id": "B06HF70G4",
        "attachments": [
            {
                "fallback": "egt-gsa-proto-build - #25 Success after 58 sec (<http:\/\/gsa-fda-proto-jenkins.egt-labs.com\/job\/egt-gsa-proto-build\/25\/|Open>)",
                "id": 1,
                "color": "36a64f",
                "fields": [
                    {
                        "title": "",
                        "value": "egt-gsa-proto-build - #25 Success after 58 sec (<http:\/\/gsa-fda-proto-jenkins.egt-labs.com\/job\/egt-gsa-proto-build\/25\/|Open>)",
                        "short": false
                    }
                ]
            }
        ],
        "type": "message",
        "subtype": "bot_message",
        "ts": "1434735393.000038"
    },
    {
        "text": "",
        "bot_id": "B06HF70G4",
        "attachments": [
            {
                "fallback": "egt-gsa-proto-build - #26 Started by user Jai Bapna (<http:\/\/gsa-fda-proto-jenkins.egt-labs.com\/job\/egt-gsa-proto-build\/26\/|Open>)",
                "id": 1,
                "color": "36a64f",
                "fields": [
                    {
                        "title": "",
                        "value": "egt-gsa-proto-build - #26 Started by user Jai Bapna (<http:\/\/gsa-fda-proto-jenkins.egt-labs.com\/job\/egt-gsa-proto-build\/26\/|Open>)",
                        "short": false
                    }
                ]
            }
        ],
        "type": "message",
        "subtype": "bot_message",
        "ts": "1434735609.000039"
    },
    {
        "text": "",
        "bot_id": "B06HF70G4",
        "attachments": [
            {
                "fallback": "egt-gsa-proto-build - #26 Starting... after 0.51 sec and counting (<http:\/\/gsa-fda-proto-jenkins.egt-labs.com\/job\/egt-gsa-proto-build\/26\/|Open>)",
                "id": 1,
                "color": "36a64f",
                "fields": [
                    {
                        "title": "",
                        "value": "egt-gsa-proto-build - #26 Starting... after 0.51 sec and counting (<http:\/\/gsa-fda-proto-jenkins.egt-labs.com\/job\/egt-gsa-proto-build\/26\/|Open>)",
                        "short": false
                    }
                ]
            }
        ],
        "type": "message",
        "subtype": "bot_message",
        "ts": "1434735609.000040"
    },
    {
        "text": "",
        "bot_id": "B06HF70G4",
        "attachments": [
            {
                "fallback": "egt-gsa-proto-build - #26 Success after 20 sec (<http:\/\/gsa-fda-proto-jenkins.egt-labs.com\/job\/egt-gsa-proto-build\/26\/|Open>)",
                "id": 1,
                "color": "36a64f",
                "fields": [
                    {
                        "title": "",
                        "value": "egt-gsa-proto-build - #26 Success after 20 sec (<http:\/\/gsa-fda-proto-jenkins.egt-labs.com\/job\/egt-gsa-proto-build\/26\/|Open>)",
                        "short": false
                    }
                ]
            }
        ],
        "type": "message",
        "subtype": "bot_message",
        "ts": "1434735628.000041"
    },
    {
        "text": "",
        "bot_id": "B06HF70G4",
        "attachments": [
            {
                "fallback": "egt-gsa-proto-build - #27 Started by changes from Manasa.Pandurangi (7 file(s) changed) (<http:\/\/gsa-fda-proto-jenkins.egt-labs.com\/job\/egt-gsa-proto-build\/27\/|Open>)",
                "id": 1,
                "color": "36a64f",
                "fields": [
                    {
                        "title": "",
                        "value": "egt-gsa-proto-build - #27 Started by changes from Manasa.Pandurangi (7 file(s) changed) (<http:\/\/gsa-fda-proto-jenkins.egt-labs.com\/job\/egt-gsa-proto-build\/27\/|Open>)",
                        "short": false
                    }
                ]
            }
        ],
        "type": "message",
        "subtype": "bot_message",
        "ts": "1434735846.000042"
    },
    {
        "text": "",
        "bot_id": "B06HF70G4",
        "attachments": [
            {
                "fallback": "egt-gsa-proto-build - #27 Success after 19 sec (<http:\/\/gsa-fda-proto-jenkins.egt-labs.com\/job\/egt-gsa-proto-build\/27\/|Open>)",
                "id": 1,
                "color": "36a64f",
                "fields": [
                    {
                        "title": "",
                        "value": "egt-gsa-proto-build - #27 Success after 19 sec (<http:\/\/gsa-fda-proto-jenkins.egt-labs.com\/job\/egt-gsa-proto-build\/27\/|Open>)",
                        "short": false
                    }
                ]
            }
        ],
        "type": "message",
        "subtype": "bot_message",
        "ts": "1434735866.000043"
    },
    {
        "text": "",
        "bot_id": "B06HF70G4",
        "attachments": [
            {
                "fallback": "egt-gsa-proto-build - #36 Started by changes from Jai Bapna (1 file(s) changed) (<http:\/\/gsa-fda-proto-jenkins.egt-labs.com\/job\/egt-gsa-proto-build\/36\/|Open>)",
                "id": 1,
                "color": "36a64f",
                "fields": [
                    {
                        "title": "",
                        "value": "egt-gsa-proto-build - #36 Started by changes from Jai Bapna (1 file(s) changed) (<http:\/\/gsa-fda-proto-jenkins.egt-labs.com\/job\/egt-gsa-proto-build\/36\/|Open>)",
                        "short": false
                    }
                ]
            }
        ],
        "type": "message",
        "subtype": "bot_message",
        "ts": "1434740047.000044"
    },
    {
        "text": "",
        "bot_id": "B06HF70G4",
        "attachments": [
            {
                "fallback": "egt-gsa-proto-build - #36 Success after 19 sec (<http:\/\/gsa-fda-proto-jenkins.egt-labs.com\/job\/egt-gsa-proto-build\/36\/|Open>)",
                "id": 1,
                "color": "36a64f",
                "fields": [
                    {
                        "title": "",
                        "value": "egt-gsa-proto-build - #36 Success after 19 sec (<http:\/\/gsa-fda-proto-jenkins.egt-labs.com\/job\/egt-gsa-proto-build\/36\/|Open>)",
                        "short": false
                    }
                ]
            }
        ],
        "type": "message",
        "subtype": "bot_message",
        "ts": "1434740066.000045"
    },
    {
        "text": "",
        "bot_id": "B06HF70G4",
        "attachments": [
            {
                "fallback": "egt-gsa-proto-build - #37 Started by changes from j.eric.hanson (2 file(s) changed) (<http:\/\/gsa-fda-proto-jenkins.egt-labs.com\/job\/egt-gsa-proto-build\/37\/|Open>)",
                "id": 1,
                "color": "36a64f",
                "fields": [
                    {
                        "title": "",
                        "value": "egt-gsa-proto-build - #37 Started by changes from j.eric.hanson (2 file(s) changed) (<http:\/\/gsa-fda-proto-jenkins.egt-labs.com\/job\/egt-gsa-proto-build\/37\/|Open>)",
                        "short": false
                    }
                ]
            }
        ],
        "type": "message",
        "subtype": "bot_message",
        "ts": "1434740227.000046"
    },
    {
        "text": "",
        "bot_id": "B06HF70G4",
        "attachments": [
            {
                "fallback": "egt-gsa-proto-build - #37 Success after 19 sec (<http:\/\/gsa-fda-proto-jenkins.egt-labs.com\/job\/egt-gsa-proto-build\/37\/|Open>)",
                "id": 1,
                "color": "36a64f",
                "fields": [
                    {
                        "title": "",
                        "value": "egt-gsa-proto-build - #37 Success after 19 sec (<http:\/\/gsa-fda-proto-jenkins.egt-labs.com\/job\/egt-gsa-proto-build\/37\/|Open>)",
                        "short": false
                    }
                ]
            }
        ],
        "type": "message",
        "subtype": "bot_message",
        "ts": "1434740246.000047"
    },
    {
        "text": "",
        "bot_id": "B06HF70G4",
        "attachments": [
            {
                "fallback": "egt-gsa-proto-build - #38 Started by user Jai Bapna (<http:\/\/gsa-fda-proto-jenkins.egt-labs.com\/job\/egt-gsa-proto-build\/38\/|Open>)",
                "id": 1,
                "color": "36a64f",
                "fields": [
                    {
                        "title": "",
                        "value": "egt-gsa-proto-build - #38 Started by user Jai Bapna (<http:\/\/gsa-fda-proto-jenkins.egt-labs.com\/job\/egt-gsa-proto-build\/38\/|Open>)",
                        "short": false
                    }
                ]
            }
        ],
        "type": "message",
        "subtype": "bot_message",
        "ts": "1434740369.000048"
    },
    {
        "text": "",
        "bot_id": "B06HF70G4",
        "attachments": [
            {
                "fallback": "egt-gsa-proto-build - #38 Starting... after 0.55 sec and counting (<http:\/\/gsa-fda-proto-jenkins.egt-labs.com\/job\/egt-gsa-proto-build\/38\/|Open>)",
                "id": 1,
                "color": "36a64f",
                "fields": [
                    {
                        "title": "",
                        "value": "egt-gsa-proto-build - #38 Starting... after 0.55 sec and counting (<http:\/\/gsa-fda-proto-jenkins.egt-labs.com\/job\/egt-gsa-proto-build\/38\/|Open>)",
                        "short": false
                    }
                ]
            }
        ],
        "type": "message",
        "subtype": "bot_message",
        "ts": "1434740370.000049"
    },
    {
        "text": "",
        "bot_id": "B06HF70G4",
        "attachments": [
            {
                "fallback": "egt-gsa-proto-build - #38 Success after 59 sec (<http:\/\/gsa-fda-proto-jenkins.egt-labs.com\/job\/egt-gsa-proto-build\/38\/|Open>)",
                "id": 1,
                "color": "36a64f",
                "fields": [
                    {
                        "title": "",
                        "value": "egt-gsa-proto-build - #38 Success after 59 sec (<http:\/\/gsa-fda-proto-jenkins.egt-labs.com\/job\/egt-gsa-proto-build\/38\/|Open>)",
                        "short": false
                    }
                ]
            }
        ],
        "type": "message",
        "subtype": "bot_message",
        "ts": "1434740428.000050"
    },
    {
        "text": "",
        "bot_id": "B06HF70G4",
        "attachments": [
            {
                "fallback": "egt-gsa-proto-build - #39 Started by changes from Jai Bapna (1 file(s) changed) (<http:\/\/gsa-fda-proto-jenkins.egt-labs.com\/job\/egt-gsa-proto-build\/39\/|Open>)",
                "id": 1,
                "color": "36a64f",
                "fields": [
                    {
                        "title": "",
                        "value": "egt-gsa-proto-build - #39 Started by changes from Jai Bapna (1 file(s) changed) (<http:\/\/gsa-fda-proto-jenkins.egt-labs.com\/job\/egt-gsa-proto-build\/39\/|Open>)",
                        "short": false
                    }
                ]
            }
        ],
        "type": "message",
        "subtype": "bot_message",
        "ts": "1434741067.000051"
    },
    {
        "text": "",
        "bot_id": "B06HF70G4",
        "attachments": [
            {
                "fallback": "egt-gsa-proto-build - #39 Aborted after 4 min 42 sec (<http:\/\/gsa-fda-proto-jenkins.egt-labs.com\/job\/egt-gsa-proto-build\/39\/|Open>)",
                "id": 1,
                "color": "daa038",
                "fields": [
                    {
                        "title": "",
                        "value": "egt-gsa-proto-build - #39 Aborted after 4 min 42 sec (<http:\/\/gsa-fda-proto-jenkins.egt-labs.com\/job\/egt-gsa-proto-build\/39\/|Open>)",
                        "short": false
                    }
                ]
            }
        ],
        "type": "message",
        "subtype": "bot_message",
        "ts": "1434741348.000052"
    }
]