[
    {
        "user": "U06F21XJR",
        "type": "message",
        "subtype": "channel_join",
        "text": "<@U06F21XJR|jenhin> has joined the channel",
        "ts": "1435152311.000002"
    },
    {
        "user": "U06F21XJR",
        "purpose": "Start\/Stop\/Continue",
        "type": "message",
        "subtype": "channel_purpose",
        "text": "<@U06F21XJR|jenhin> set the channel purpose: Start\/Stop\/Continue",
        "ts": "1435152311.000003"
    },
    {
        "user": "U06H7NYLQ",
        "type": "message",
        "subtype": "channel_join",
        "text": "<@U06H7NYLQ|jaibapna> has joined the channel",
        "ts": "1435152480.000004"
    },
    {
        "type": "message",
        "subtype": "file_share",
        "text": "<@U06F21XJR|jenhin> uploaded a file: <https:\/\/teamegt.slack.com\/files\/jenhin\/F06PE99U7\/20150624_102339.jpg|Feedback>",
        "file": {
            "id": "F06PE99U7",
            "created": 1435155849,
            "timestamp": 1435155849,
            "name": "20150624_102339.jpg",
            "title": "Feedback",
            "mimetype": "image\/jpeg",
            "filetype": "jpg",
            "pretty_type": "JPEG",
            "user": "U06F21XJR",
            "editable": false,
            "size": 3433702,
            "mode": "hosted",
            "is_external": false,
            "external_type": "",
            "is_public": true,
            "public_url_shared": false,
            "url": "https:\/\/slack-files.com\/files-pub\/T06F21XJ9-F06PE99U7-b130e3f43f\/20150624_102339.jpg",
            "url_download": "https:\/\/slack-files.com\/files-pub\/T06F21XJ9-F06PE99U7-b130e3f43f\/download\/20150624_102339.jpg",
            "url_private": "https:\/\/files.slack.com\/files-pri\/T06F21XJ9-F06PE99U7\/20150624_102339.jpg",
            "url_private_download": "https:\/\/files.slack.com\/files-pri\/T06F21XJ9-F06PE99U7\/download\/20150624_102339.jpg",
            "thumb_64": "https:\/\/slack-files.com\/files-tmb\/T06F21XJ9-F06PE99U7-214c3508e9\/20150624_102339_64.png",
            "thumb_80": "https:\/\/slack-files.com\/files-tmb\/T06F21XJ9-F06PE99U7-214c3508e9\/20150624_102339_80.png",
            "thumb_360": "https:\/\/slack-files.com\/files-tmb\/T06F21XJ9-F06PE99U7-214c3508e9\/20150624_102339_360.png",
            "thumb_360_w": 360,
            "thumb_360_h": 203,
            "thumb_480": "https:\/\/slack-files.com\/files-tmb\/T06F21XJ9-F06PE99U7-214c3508e9\/20150624_102339_480.png",
            "thumb_480_w": 480,
            "thumb_480_h": 270,
            "thumb_160": "https:\/\/slack-files.com\/files-tmb\/T06F21XJ9-F06PE99U7-214c3508e9\/20150624_102339_160.png",
            "thumb_720": "https:\/\/slack-files.com\/files-tmb\/T06F21XJ9-F06PE99U7-214c3508e9\/20150624_102339_720.png",
            "thumb_720_w": 720,
            "thumb_720_h": 405,
            "thumb_960": "https:\/\/slack-files.com\/files-tmb\/T06F21XJ9-F06PE99U7-214c3508e9\/20150624_102339_960.png",
            "thumb_960_w": 960,
            "thumb_960_h": 540,
            "thumb_1024": "https:\/\/slack-files.com\/files-tmb\/T06F21XJ9-F06PE99U7-214c3508e9\/20150624_102339_1024.png",
            "thumb_1024_w": 1024,
            "thumb_1024_h": 576,
            "image_exif_rotation": 1,
            "permalink": "https:\/\/teamegt.slack.com\/files\/jenhin\/F06PE99U7\/20150624_102339.jpg",
            "permalink_public": "https:\/\/slack-files.com\/T06F21XJ9-F06PE99U7-b130e3f43f",
            "channels": [
                "C06PBDR35"
            ],
            "groups": [],
            "ims": [],
            "comments_count": 0
        },
        "user": "U06F21XJR",
        "upload": true,
        "ts": "1435155872.000005"
    },
    {
        "user": "U06F27T8C",
        "type": "message",
        "subtype": "channel_join",
        "text": "<@U06F27T8C|sheyaml> has joined the channel",
        "ts": "1435158219.000006"
    },
    {
        "type": "message",
        "user": "U06F27T8C",
        "text": "Thank you for participating, everyone! Most of the issues are already in GitHub, and we'll speak to this at today's demo :simple_smile:",
        "ts": "1435158261.000007"
    }
]