[
    {
        "user": "U06GY740J",
        "type": "message",
        "subtype": "channel_join",
        "text": "<@U06GY740J|eric.hanson.egt> has joined the channel",
        "ts": "1434719863.000002"
    },
    {
        "type": "message",
        "user": "U06GY740J",
        "text": "List of openfda fields: <https:\/\/open.fda.gov\/api\/reference\/#openfda-fields>",
        "ts": "1434719877.000003"
    },
    {
        "type": "message",
        "user": "U06GY740J",
        "text": "All other fields for label dataset: <https:\/\/open.fda.gov\/drug\/label\/reference\/#field-by-field-reference>",
        "ts": "1434719989.000004"
    },
    {
        "type": "message",
        "user": "U06F21XJR",
        "text": "<http:\/\/www.fda.gov\/downloads\/AboutFDA\/CentersOffices\/OfficeofMedicalProductsandTobacco\/CDER\/ManualofPoliciesProcedures\/UCM361380.pdf>",
        "ts": "1434721979.000005"
    },
    {
        "type": "message",
        "user": "U06F21XJR",
        "text": "<http:\/\/www.drugs.com\/drug-classes.html>",
        "attachments": [
            {
                "title": "Drug Classification & Categories | Drugs.com",
                "title_link": "http:\/\/www.drugs.com\/drug-classes.html",
                "text": "Search or browse a complete list of drugs marketed in the U.S. organized by class or chemical type.",
                "fallback": "Drug Classification &amp; Categories | Drugs.com",
                "image_url": "http:\/\/www.drugs.com\/img\/social\/ddc-facebook-icon.png",
                "from_url": "http:\/\/www.drugs.com\/drug-classes.html",
                "image_width": 250,
                "image_height": 250,
                "image_bytes": 13991,
                "id": 1
            }
        ],
        "ts": "1434721986.000006"
    }
]