[
    {
        "type": "message",
        "subtype": "file_share",
        "text": "<@U06F21XJR|jenhin> uploaded a file: <https:\/\/teamegt.slack.com\/files\/jenhin\/F06PGTG05\/20150624_110340.jpg|User feedback>",
        "file": {
            "id": "F06PGTG05",
            "created": 1435158250,
            "timestamp": 1435158250,
            "name": "20150624_110340.jpg",
            "title": "User feedback",
            "mimetype": "image\/jpeg",
            "filetype": "jpg",
            "pretty_type": "JPEG",
            "user": "U06F21XJR",
            "editable": false,
            "size": 3489080,
            "mode": "hosted",
            "is_external": false,
            "external_type": "",
            "is_public": true,
            "public_url_shared": false,
            "url": "https:\/\/slack-files.com\/files-pub\/T06F21XJ9-F06PGTG05-e20571ab8a\/20150624_110340.jpg",
            "url_download": "https:\/\/slack-files.com\/files-pub\/T06F21XJ9-F06PGTG05-e20571ab8a\/download\/20150624_110340.jpg",
            "url_private": "https:\/\/files.slack.com\/files-pri\/T06F21XJ9-F06PGTG05\/20150624_110340.jpg",
            "url_private_download": "https:\/\/files.slack.com\/files-pri\/T06F21XJ9-F06PGTG05\/download\/20150624_110340.jpg",
            "thumb_64": "https:\/\/slack-files.com\/files-tmb\/T06F21XJ9-F06PGTG05-8fe14c363a\/20150624_110340_64.png",
            "thumb_80": "https:\/\/slack-files.com\/files-tmb\/T06F21XJ9-F06PGTG05-8fe14c363a\/20150624_110340_80.png",
            "thumb_360": "https:\/\/slack-files.com\/files-tmb\/T06F21XJ9-F06PGTG05-8fe14c363a\/20150624_110340_360.png",
            "thumb_360_w": 360,
            "thumb_360_h": 203,
            "thumb_480": "https:\/\/slack-files.com\/files-tmb\/T06F21XJ9-F06PGTG05-8fe14c363a\/20150624_110340_480.png",
            "thumb_480_w": 480,
            "thumb_480_h": 270,
            "thumb_160": "https:\/\/slack-files.com\/files-tmb\/T06F21XJ9-F06PGTG05-8fe14c363a\/20150624_110340_160.png",
            "thumb_720": "https:\/\/slack-files.com\/files-tmb\/T06F21XJ9-F06PGTG05-8fe14c363a\/20150624_110340_720.png",
            "thumb_720_w": 720,
            "thumb_720_h": 405,
            "thumb_960": "https:\/\/slack-files.com\/files-tmb\/T06F21XJ9-F06PGTG05-8fe14c363a\/20150624_110340_960.png",
            "thumb_960_w": 960,
            "thumb_960_h": 540,
            "thumb_1024": "https:\/\/slack-files.com\/files-tmb\/T06F21XJ9-F06PGTG05-8fe14c363a\/20150624_110340_1024.png",
            "thumb_1024_w": 1024,
            "thumb_1024_h": 576,
            "image_exif_rotation": 1,
            "permalink": "https:\/\/teamegt.slack.com\/files\/jenhin\/F06PGTG05\/20150624_110340.jpg",
            "permalink_public": "https:\/\/slack-files.com\/T06F21XJ9-F06PGTG05-e20571ab8a",
            "channels": [
                "C06HGD9J7"
            ],
            "groups": [],
            "ims": [],
            "comments_count": 0
        },
        "user": "U06F21XJR",
        "upload": true,
        "ts": "1435158277.000002"
    }
]