[
    {
        "type": "message",
        "user": "U06F21XJR",
        "text": "<!everyone>:  for stand-up use this conference line! \nTeleconference: <tel:1 (877) 358-8686|1 (877) 358-8686> Access Code: <tel:235-538-9456|235-538-9456>",
        "ts": "1435150763.000200"
    },
    {
        "type": "message",
        "subtype": "file_share",
        "text": "<@U06F21XJR|jenhin> uploaded a file: <https:\/\/teamegt.slack.com\/files\/jenhin\/F06PAQSEQ\/20150624_091239.jpg|Retro>",
        "file": {
            "id": "F06PAQSEQ",
            "created": 1435151606,
            "timestamp": 1435151606,
            "name": "20150624_091239.jpg",
            "title": "Retro",
            "mimetype": "image\/jpeg",
            "filetype": "jpg",
            "pretty_type": "JPEG",
            "user": "U06F21XJR",
            "editable": false,
            "size": 3689374,
            "mode": "hosted",
            "is_external": false,
            "external_type": "",
            "is_public": true,
            "public_url_shared": false,
            "url": "https:\/\/slack-files.com\/files-pub\/T06F21XJ9-F06PAQSEQ-d9cb10ab00\/20150624_091239.jpg",
            "url_download": "https:\/\/slack-files.com\/files-pub\/T06F21XJ9-F06PAQSEQ-d9cb10ab00\/download\/20150624_091239.jpg",
            "url_private": "https:\/\/files.slack.com\/files-pri\/T06F21XJ9-F06PAQSEQ\/20150624_091239.jpg",
            "url_private_download": "https:\/\/files.slack.com\/files-pri\/T06F21XJ9-F06PAQSEQ\/download\/20150624_091239.jpg",
            "thumb_64": "https:\/\/slack-files.com\/files-tmb\/T06F21XJ9-F06PAQSEQ-f452ec6983\/20150624_091239_64.png",
            "thumb_80": "https:\/\/slack-files.com\/files-tmb\/T06F21XJ9-F06PAQSEQ-f452ec6983\/20150624_091239_80.png",
            "thumb_360": "https:\/\/slack-files.com\/files-tmb\/T06F21XJ9-F06PAQSEQ-f452ec6983\/20150624_091239_360.png",
            "thumb_360_w": 360,
            "thumb_360_h": 203,
            "thumb_480": "https:\/\/slack-files.com\/files-tmb\/T06F21XJ9-F06PAQSEQ-f452ec6983\/20150624_091239_480.png",
            "thumb_480_w": 480,
            "thumb_480_h": 270,
            "thumb_160": "https:\/\/slack-files.com\/files-tmb\/T06F21XJ9-F06PAQSEQ-f452ec6983\/20150624_091239_160.png",
            "thumb_720": "https:\/\/slack-files.com\/files-tmb\/T06F21XJ9-F06PAQSEQ-f452ec6983\/20150624_091239_720.png",
            "thumb_720_w": 720,
            "thumb_720_h": 405,
            "thumb_960": "https:\/\/slack-files.com\/files-tmb\/T06F21XJ9-F06PAQSEQ-f452ec6983\/20150624_091239_960.png",
            "thumb_960_w": 960,
            "thumb_960_h": 540,
            "thumb_1024": "https:\/\/slack-files.com\/files-tmb\/T06F21XJ9-F06PAQSEQ-f452ec6983\/20150624_091239_1024.png",
            "thumb_1024_w": 1024,
            "thumb_1024_h": 576,
            "image_exif_rotation": 1,
            "permalink": "https:\/\/teamegt.slack.com\/files\/jenhin\/F06PAQSEQ\/20150624_091239.jpg",
            "permalink_public": "https:\/\/slack-files.com\/T06F21XJ9-F06PAQSEQ-d9cb10ab00",
            "channels": [
                "C06F1SXLG"
            ],
            "groups": [],
            "ims": [],
            "comments_count": 0
        },
        "user": "U06F21XJR",
        "upload": true,
        "ts": "1435151627.000201"
    },
    {
        "type": "message",
        "user": "U06F21XJR",
        "text": "for folks participating in the retro virtually see the channel <#C06PBDR35>",
        "ts": "1435152356.000202"
    },
    {
        "type": "message",
        "user": "U06GSS1QB",
        "text": "<@U06GY740J>: Do I need to do a npm install in the root of the repo to build the dist?  Looks like it.  Still gives Downloading <https:\/\/bitbucket.org\/ariya\/phantomjs\/downloads\/phantomjs-1.9.8-linux-x86_64.tar.bz2>\nSaving to \/apps\/egt-gsa-proto\/node_modules\/karma-phantomjs-launcher\/node_modules\/phantomjs\/phantomjs\/phantomjs-1.9.8-linux-x86_64.tar.bz2\nReceiving...\n\\ [----------------------------------------] 0% 0.0s-\nReceived 12854K total.\nExtracting tar contents (via spawned process)\nError extracting archive\nPhantom installation failed { [Error: spawn ENOENT] code: 'ENOENT', errno: 'ENOENT', syscall: 'spawn' } Error: spawn ENOENT\n    at errnoException (child_process.js:1011:11)\n    at Process.ChildProcess._handle.onexit (child_process.js:802:34)",
        "ts": "1435154679.000203"
    },
    {
        "type": "message",
        "user": "U06GU12K1",
        "text": "Is that after some of the package install steps in <https:\/\/github.com\/eGT-Labs\/gsa_platform\/blob\/master\/site_cookbooks\/fda-proto\/recipes\/app.rb> ?",
        "attachments": [
            {
                "service_name": "GitHub",
                "title": "eGT-Labs\/gsa_platform",
                "title_link": "https:\/\/github.com\/eGT-Labs\/gsa_platform\/blob\/master\/site_cookbooks\/fda-proto\/recipes\/app.rb",
                "text": "gsa_platform - For the GSA 18F",
                "fallback": "GitHub: eGT-Labs\/gsa_platform",
                "thumb_url": "https:\/\/avatars0.githubusercontent.com\/u\/5140903?v=3&s=400",
                "from_url": "https:\/\/github.com\/eGT-Labs\/gsa_platform\/blob\/master\/site_cookbooks\/fda-proto\/recipes\/app.rb",
                "thumb_width": 242,
                "thumb_height": 242,
                "id": 1
            }
        ],
        "ts": "1435154893.000204"
    },
    {
        "type": "message",
        "user": "U06GSS1QB",
        "text": "Yes, all done.  So far only way around was to do a manual preinstall of phantom per this page.   <http:\/\/stackoverflow.com\/questions\/8778513\/how-can-i-setup-run-phantomjs-on-ubuntu\/14267295#14267295>",
        "ts": "1435156377.000206"
    },
    {
        "type": "message",
        "user": "U06GSS1QB",
        "text": "Now we can do the node install, but the bower install (which I cannot find in the cookbook) is moaning about cannot run as root.  Any thoughts?",
        "ts": "1435156402.000207"
    },
    {
        "type": "message",
        "user": "U06GU12K1",
        "text": "Erica questions, then",
        "ts": "1435156472.000208"
    },
    {
        "type": "message",
        "user": "U06GU12K1",
        "text": "*Eric",
        "ts": "1435156474.000209"
    },
    {
        "type": "message",
        "user": "U06GSS1QB",
        "text": "Ah, allow-root.  Duh.",
        "ts": "1435156476.000210"
    },
    {
        "type": "message",
        "user": "U06GU12K1",
        "text": "If we need to stick anything else in the Jenkins job, that'll need to go in the platform repo, which I just merged into the app repository. The Jenkins build job is in site_cookbooks\/fda-proto\/templates\/default\/jenkins-job.xml.erb.",
        "ts": "1435156580.000211"
    },
    {
        "type": "message",
        "user": "U06GSS1QB",
        "text": "do you have an api key or location handy ... getting further",
        "ts": "1435157243.000212"
    },
    {
        "type": "message",
        "user": "U06GSS1QB",
        "text": "<@U06GU12K1>: What do you suggest for public repository access?  Docker (like the local build) is no mu and therefore no git key",
        "ts": "1435158096.000213"
    },
    {
        "type": "message",
        "user": "U06FLV9PA",
        "text": "<@U06GSS1QB>: do you still need an API key?",
        "ts": "1435158270.000214"
    },
    {
        "type": "message",
        "user": "U06GU12K1",
        "text": "You can generate one, there's a URL in the channel log somewhere. You can snag it from the attributes of the cookbook I wrote for this.",
        "ts": "1435158540.000215"
    },
    {
        "type": "message",
        "user": "U06GU12K1",
        "text": "I should probably plant that in a vault later.",
        "ts": "1435158547.000216"
    },
    {
        "type": "message",
        "user": "U06GU12K1",
        "text": "I don't know how Docker build things, but if you have a running system just configure ~\/.ssh with a key",
        "ts": "1435158587.000217"
    },
    {
        "type": "message",
        "user": "U06GSS1QB",
        "text": "I seem to recall a way to generate some kind of fake user, and hence a key but that's messy.  Any reason the repo isn't public read?  How are we distributing it to gsa for review?",
        "ts": "1435158838.000218"
    },
    {
        "type": "message",
        "user": "U06GU12K1",
        "text": "Are you trying to do the git clone with some kind of Docker magic, or with a normal people script on a running system? If the latter there's really no complication here. Just stick your private key in the ~\/.ssh\/ of whatever user is doing it, and add the few lines to ~\/.ssh\/config that tell it what key to use with <http:\/\/github.com|github.com>.",
        "ts": "1435159055.000219"
    },
    {
        "type": "message",
        "user": "U06FLV9PA",
        "text": "and the API key comes from <https:\/\/open.fda.gov\/api\/reference\/#your-api-key>",
        "ts": "1435159539.000220"
    },
    {
        "type": "message",
        "user": "U06GSS1QB",
        "text": "Running on docker (for next 5 min!) <http:\/\/54.197.170.129\/label\/67d9feff-0cae-4c4c-bc45-f0b7aee7705c>",
        "ts": "1435159783.000221"
    },
    {
        "type": "message",
        "user": "U06GSS1QB",
        "text": "John, I'm not explaining well.  I'm going to distribute a dockerfile, basically a packaged set of bash commands.  GSA will run that file on an arbitrary host to create a container.  That container will need to pull the source code.  Need to do it in a secure and packaged way, e.g. NOT with my private key.",
        "ts": "1435159844.000222"
    },
    {
        "type": "message",
        "user": "U06FLV9PA",
        "text": "<@U06GSS1QB>: the repo will be public when we submit it, so the container won't need a github key",
        "ts": "1435160555.000223"
    },
    {
        "type": "message",
        "user": "U06GU12K1",
        "text": "Don't use your private key, use a purpose-specific deploy key",
        "ts": "1435160591.000224"
    },
    {
        "type": "message",
        "user": "U06GU12K1",
        "text": "deploy keys: <https:\/\/developer.github.com\/guides\/managing-deploy-keys\/>",
        "ts": "1435160626.000225"
    },
    {
        "type": "message",
        "user": "U06GU12K1",
        "text": "In fact I can give the one Jenkins is using, gimme a minute",
        "ts": "1435160661.000226"
    },
    {
        "type": "message",
        "user": "U06GU12K1",
        "text": "That key has no other purpose in life but read-only access to that repo",
        "ts": "1435160778.000227"
    },
    {
        "type": "message",
        "subtype": "file_share",
        "text": "<@U06GY740J|eric.hanson.egt> uploaded a file: <https:\/\/teamegt.slack.com\/files\/eric.hanson.egt\/F06PL3CUT\/-.txt|Untitled>",
        "file": {
            "id": "F06PL3CUT",
            "created": 1435161534,
            "timestamp": 1435161534,
            "name": "-.txt",
            "title": "Untitled",
            "mimetype": "text\/plain",
            "filetype": "text",
            "pretty_type": "Plain Text",
            "user": "U06GY740J",
            "editable": true,
            "size": 205,
            "mode": "snippet",
            "is_external": false,
            "external_type": "",
            "is_public": true,
            "public_url_shared": false,
            "url": "https:\/\/slack-files.com\/files-pub\/T06F21XJ9-F06PL3CUT-877f33dc14\/-.txt",
            "url_download": "https:\/\/slack-files.com\/files-pub\/T06F21XJ9-F06PL3CUT-877f33dc14\/download\/-.txt",
            "url_private": "https:\/\/files.slack.com\/files-pri\/T06F21XJ9-F06PL3CUT\/-.txt",
            "url_private_download": "https:\/\/files.slack.com\/files-pri\/T06F21XJ9-F06PL3CUT\/download\/-.txt",
            "permalink": "https:\/\/teamegt.slack.com\/files\/eric.hanson.egt\/F06PL3CUT\/-.txt",
            "permalink_public": "https:\/\/slack-files.com\/T06F21XJ9-F06PL3CUT-877f33dc14",
            "edit_link": "https:\/\/teamegt.slack.com\/files\/eric.hanson.egt\/F06PL3CUT\/-.txt\/edit",
            "preview": "They don't necessarily need to be able to pull the source code, do they?\n\nThe process could be:\n\ncheckout source code:\nbuild the project:\ngenerate docker container from artifacts in the \/dist folder.",
            "preview_highlight": "<div class=\"sssh-code\"><div class=\"sssh-line\"><pre>They don't necessarily need to be able to pull the source code, do they?\r<\/pre><\/div>\n<div class=\"sssh-line\"><pre>\r<\/pre><\/div>\n<div class=\"sssh-line\"><pre>The process could be:\r<\/pre><\/div>\n<div class=\"sssh-line\"><pre>\r<\/pre><\/div>\n<div class=\"sssh-line\"><pre>checkout source code:\r<\/pre><\/div>\n<div class=\"sssh-line\"><pre>build the project:\r<\/pre><\/div>\n<div class=\"sssh-line\"><pre>generate docker container from artifacts in the \/dist folder.<\/pre><\/div>\n<\/div>",
            "lines": 7,
            "lines_more": 0,
            "channels": [
                "C06F1SXLG"
            ],
            "groups": [],
            "ims": [],
            "comments_count": 0
        },
        "user": "U06GY740J",
        "upload": true,
        "ts": "1435161535.000228"
    },
    {
        "type": "message",
        "user": "U06FLV9PA",
        "text": "<@U06GY740J>: regardless of the process, it's required to be publicly accessible, so a deploy key\/token is unnecessary",
        "ts": "1435161917.000229"
    },
    {
        "type": "message",
        "user": "U06GU12K1",
        "text": "It's at least temporarily necessary for Robert to get his stuff working",
        "ts": "1435161942.000230"
    },
    {
        "type": "message",
        "user": "U06FLV9PA",
        "text": "right, no requirement to automate for GSA, though",
        "ts": "1435161995.000231"
    },
    {
        "type": "message",
        "user": "U06FLV9PA",
        "text": "<@U06GY740J>: you said the cache isue would result in 429 errors, right? I'm just seeing failed xhr requests",
        "ts": "1435163775.000232"
    },
    {
        "type": "message",
        "user": "U06GY740J",
        "text": "there's going to be a numeric status code with each failed request.",
        "ts": "1435163812.000233"
    },
    {
        "type": "message",
        "user": "U06GY740J",
        "text": "You're probably seeing 429",
        "ts": "1435163821.000234"
    },
    {
        "type": "message",
        "user": "U06FLV9PA",
        "text": "In the status column of the network tab it just says failed, and opening it there are request headers but no response headers",
        "ts": "1435164013.000235"
    },
    {
        "type": "message",
        "user": "U06FLV9PA",
        "text": "ah, here we are, the console is showing them, not chrome. I cleared chrome's cache to no avail, is there a separate webdriver cache, do you know?",
        "ts": "1435164245.000236"
    },
    {
        "type": "message",
        "user": "U06GSS1QB",
        "text": "Well, yes, they do need to pull the source code.  That's how they build it in the container from the dockerfile.  What am I missing?",
        "ts": "1435165420.000237"
    },
    {
        "type": "message",
        "user": "U06FLV9PA",
        "text": "I think Eric's saying the host machine could check out the code, and the docker container would pull it from off the host",
        "ts": "1435165685.000238"
    },
    {
        "type": "message",
        "user": "U06GSS1QB",
        "text": "That's far too indirect for me!",
        "ts": "1435166826.000239"
    },
    {
        "type": "message",
        "user": "U06FLV9PA",
        "text": "<@U06GY740J>: I put it in incognito mode and am still getting API limit exceeded errors and 429 errors, do you have any other thoughts",
        "ts": "1435166994.000240"
    },
    {
        "type": "message",
        "user": "U06GSS1QB",
        "text": "<@U06GU12K1> I seem to have docker working, but running the forever command exits to shell (as designed) and therefore the container exits.  What would be a **simple** good linux-y way to execute that final command but keep it from exiting?",
        "ts": "1435169248.000241"
    },
    {
        "type": "message",
        "user": "U06H7NYLQ",
        "text": "<@U06GSS1QB>: after the gulp build command",
        "ts": "1435169801.000242"
    },
    {
        "type": "message",
        "user": "U06H7NYLQ",
        "text": "cd into the dist folder",
        "ts": "1435169805.000243"
    },
    {
        "type": "message",
        "user": "U06H7NYLQ",
        "text": "and run",
        "ts": "1435169809.000244"
    },
    {
        "type": "message",
        "user": "U06H7NYLQ",
        "text": "PORT=80 nohup npm start &amp;",
        "ts": "1435169814.000245"
    },
    {
        "type": "message",
        "user": "U06H7NYLQ",
        "text": "so essentially see if running the app via nohup (instead of forever) works",
        "ts": "1435169863.000246"
    },
    {
        "type": "message",
        "user": "U06GSS1QB",
        "text": "simpler than supervisord which I was running.  will try",
        "ts": "1435170708.000247"
    },
    {
        "type": "message",
        "user": "U06GSS1QB",
        "text": "Good idea but no luck.  Works interactively but apparently exits when run as docker.",
        "ts": "1435171330.000248"
    },
    {
        "type": "message",
        "user": "U06GSS1QB",
        "text": "I think I've got it!  Supervisord is my friend!",
        "ts": "1435172308.000249"
    },
    {
        "type": "message",
        "user": "U06GSS1QB",
        "text": "<@U06GY740J>: <@U06GU12K1> :  I think I have something cooking in Docker.  It'll be 3 files including a readme.  Where would you like it in the app structure?  I've also created a readonly user in Github so docker can pull direct.  Going into meeting...",
        "ts": "1435172400.000250"
    },
    {
        "type": "message",
        "user": "U06GU12K1",
        "text": "I don't have any feelings about where it goes in the repo. If you have a script for building it, I wouldn't mind seeing that as a Chef recipe.",
        "ts": "1435173333.000251"
    },
    {
        "type": "message",
        "user": "U06GSS1QB",
        "text": "Tempting, but a bridge too far ... that's basically the work I was doing for GeoCloud before funding ran out.  It'll be a dockerfile (which builds the image), a supervisord config file and a README.  I'll put it in Docker at the top level unless somebody objects in the next few minutes",
        "ts": "1435173393.000252"
    },
    {
        "type": "message",
        "user": "U06GSS1QB",
        "text": "<@U06GY740J>: I forgot you could represent fully built docker images as tarballs <http:\/\/www.jamescoyle.net\/how-to\/1512-export-and-import-a-docker-image-between-nodes> ... will think about it",
        "attachments": [
            {
                "text": "One of the driving forces behind Docker is to create a consistent environment across all Docker enabled machines and to create portable templates, or images,",
                "fallback": "One of the driving forces behind Docker is to create a consistent environment across all Docker enabled machines and to create portable templates, or images,",
                "from_url": "http:\/\/www.jamescoyle.net\/how-to\/1512-export-and-import-a-docker-image-between-nodes",
                "id": 1
            }
        ],
        "ts": "1435184367.000253"
    },
    {
        "type": "message",
        "subtype": "file_share",
        "text": "<@U06GU12K1|john.stange> shared a file: <https:\/\/teamegt.slack.com\/files\/john.stange\/F06QEKKTK\/deployout.txt|deployout.txt>",
        "file": {
            "id": "F06QEKKTK",
            "created": 1435203004,
            "timestamp": 1435203004,
            "name": "deployout.txt",
            "title": "deployout.txt",
            "mimetype": "application\/vnd.google-apps.document",
            "filetype": "gdoc",
            "pretty_type": "GDocs Document",
            "user": "U06GU12K1",
            "editable": false,
            "size": 274849,
            "mode": "external",
            "is_external": true,
            "external_type": "gdrive",
            "is_public": true,
            "public_url_shared": false,
            "url": "https:\/\/docs.google.com\/document\/d\/1oq3uU3YrrUFgvE4YCV9AV-pXQOC-efyCjIWQSSSBaRQ\/edit?usp=drivesdk",
            "url_private": "https:\/\/docs.google.com\/document\/d\/1oq3uU3YrrUFgvE4YCV9AV-pXQOC-efyCjIWQSSSBaRQ\/edit?usp=drivesdk",
            "thumb_64": "https:\/\/slack.global.ssl.fastly.net\/272a\/img\/files\/gdoc_64.png",
            "thumb_360": "https:\/\/slack.global.ssl.fastly.net\/272a\/img\/files\/gdoc_360.png",
            "thumb_360_w": 360,
            "thumb_360_h": 167,
            "permalink": "https:\/\/teamegt.slack.com\/files\/john.stange\/F06QEKKTK\/deployout.txt",
            "channels": [
                "C06F1SXLG"
            ],
            "groups": [],
            "ims": [],
            "comments_count": 0
        },
        "user": "U06GU12K1",
        "upload": false,
        "ts": "1435203005.000256"
    },
    {
        "type": "message",
        "user": "U06GU12K1",
        "text": "^ Log of a full successful Mu deployment of the whole stack",
        "ts": "1435203021.000258"
    }
]