[
    {
        "type": "message",
        "user": "U06GU12K1",
        "text": "Yeah, it's there, it's the other part of that deploy",
        "ts": "1434717835.000061"
    },
    {
        "type": "message",
        "user": "U06H7NYLQ",
        "text": "I see the DNS record: <http:\/\/gsa-fda-proto.egt-labs.com|gsa-fda-proto.egt-labs.com>.",
        "ts": "1434718228.000062"
    },
    {
        "type": "message",
        "user": "U06H7NYLQ",
        "text": "points to the ELB",
        "ts": "1434718231.000063"
    },
    {
        "type": "message",
        "user": "U06H7NYLQ",
        "text": "the ELB doesn't seem to have any instances behind it",
        "ts": "1434718236.000064"
    },
    {
        "type": "message",
        "user": "U06H7NYLQ",
        "text": "I do see this instance: FDAPROTO-DEV-2015061900-LO-APP-WE8\nwithout an elastic IP on it",
        "ts": "1434718277.000065"
    },
    {
        "type": "message",
        "user": "U06GU12K1",
        "text": "yeah, that's the one",
        "ts": "1434718286.000066"
    },
    {
        "type": "message",
        "user": "U06H7NYLQ",
        "text": "should I manually put an EIP on it?",
        "ts": "1434718296.000067"
    },
    {
        "type": "message",
        "user": "U06GU12K1",
        "text": "I'll fix the ELB, hadn't gotten to testing that part",
        "ts": "1434718297.000068"
    },
    {
        "type": "message",
        "user": "U06GU12K1",
        "text": "No, I'm just going to attach it to the ELB anyway. Use whatever IP it's got for Jenkins, that's trivial to automate",
        "ts": "1434718347.000069"
    },
    {
        "type": "message",
        "user": "U06H7NYLQ",
        "text": "ok",
        "ts": "1434718368.000070"
    },
    {
        "type": "message",
        "user": "U06GU12K1",
        "text": "there, attached, fixing my BoK",
        "ts": "1434718385.000071"
    },
    {
        "type": "message",
        "user": "U06H7NYLQ",
        "text": "<@U06GU12K1>: need SSH keys for 2 workflows",
        "ts": "1434720060.000072"
    },
    {
        "type": "message",
        "user": "U06H7NYLQ",
        "text": "1. to clone the app git repo onto the app server",
        "ts": "1434720068.000073"
    },
    {
        "type": "message",
        "user": "U06H7NYLQ",
        "text": "2. jenkins needs to SSH into the app server box to run the deploy there",
        "ts": "1434720078.000074"
    },
    {
        "type": "message",
        "user": "U06H7NYLQ",
        "text": "[root@stange-mu .ssh]# ls\narchive          config                             egt-gsa-proto      github-key-from-mu-install.1299  id_rsa.pub\nauthorized_keys  deploy-FDAPROTO-DEV-2015061900-LO  egt-gsa-proto.pub  id_rsa                           known_hosts",
        "ts": "1434720082.000075"
    },
    {
        "type": "message",
        "user": "U06H7NYLQ",
        "text": "which key should I use for both these workflows",
        "ts": "1434720093.000076"
    },
    {
        "type": "message",
        "user": "U06H7NYLQ",
        "text": "?",
        "ts": "1434720094.000077"
    },
    {
        "type": "message",
        "user": "U06GU12K1",
        "text": "There's already a deploy key for pulling from the Git repo. It's in a vault on the Mu server, as well as, for the moment, root's .ssh directory.",
        "ts": "1434720189.000078"
    },
    {
        "type": "message",
        "user": "U06GU12K1",
        "text": "It'll be named egt-gsa-proto, and yeah, you'll also see it there because that's where I generated it",
        "ts": "1434720217.000079"
    },
    {
        "type": "message",
        "user": "U06GU12K1",
        "text": "Manufacture another one for Jenkins to talk to the app box with ssh-keygen, and I'll wire that into the automation to get planted wherever you need it to end up",
        "ts": "1434720238.000080"
    },
    {
        "type": "message",
        "user": "U06H7NYLQ",
        "text": "well lets just use the same one?",
        "ts": "1434720251.000081"
    },
    {
        "type": "message",
        "user": "U06H7NYLQ",
        "text": "lots of  keys get confusing",
        "ts": "1434720266.000082"
    },
    {
        "type": "message",
        "user": "U06H7NYLQ",
        "text": "on the other hand",
        "ts": "1434720268.000083"
    },
    {
        "type": "message",
        "user": "U06H7NYLQ",
        "text": "its not best practice to use the same I guess",
        "ts": "1434720273.000084"
    },
    {
        "type": "message",
        "user": "U06GU12K1",
        "text": "It's a slightly bad security practice, though it has little practical bearing here. I'd rather not get docked for it when we're being judged later. :simple_smile:",
        "ts": "1434720307.000085"
    },
    {
        "type": "message",
        "user": "U06F21XJR",
        "text": "<!everyone>: if you are joining the backlog grooming call - we are using this google doc",
        "ts": "1434720665.000086"
    },
    {
        "type": "message",
        "subtype": "file_share",
        "text": "<@U06F21XJR|jenhin> shared a file: <https:\/\/teamegt.slack.com\/files\/jenhin\/F06J6AZ3J\/userstories.docx|User Stories.docx>",
        "file": {
            "id": "F06J6AZ3J",
            "created": 1434720669,
            "timestamp": 1434720669,
            "name": "UserStories.docx",
            "title": "User Stories.docx",
            "mimetype": "application\/vnd.google-apps.document",
            "filetype": "gdoc",
            "pretty_type": "GDocs Document",
            "user": "U06F21XJR",
            "editable": false,
            "size": 2467,
            "mode": "external",
            "is_external": true,
            "external_type": "gdrive",
            "is_public": true,
            "public_url_shared": false,
            "url": "https:\/\/docs.google.com\/document\/d\/1y0Za9ka1MNAk6v1-Ht3Tk1hN_vjmwrkrDK4C7sM6HxM\/edit?usp=drivesdk",
            "url_private": "https:\/\/docs.google.com\/document\/d\/1y0Za9ka1MNAk6v1-Ht3Tk1hN_vjmwrkrDK4C7sM6HxM\/edit?usp=drivesdk",
            "thumb_64": "https:\/\/slack.global.ssl.fastly.net\/272a\/img\/files\/gdoc_64.png",
            "thumb_360": "https:\/\/slack.global.ssl.fastly.net\/272a\/img\/files\/gdoc_360.png",
            "thumb_360_w": 360,
            "thumb_360_h": 167,
            "permalink": "https:\/\/teamegt.slack.com\/files\/jenhin\/F06J6AZ3J\/userstories.docx",
            "channels": [
                "C06F1SXLG"
            ],
            "groups": [],
            "ims": [],
            "comments_count": 0
        },
        "user": "U06F21XJR",
        "upload": false,
        "ts": "1434720669.000088"
    },
    {
        "type": "message",
        "user": "U06F21XJR",
        "text": "<!everyone>: the charge code for this effort is Charge Number: P0BP15-000-024-00",
        "ts": "1434721750.000090"
    },
    {
        "type": "message",
        "user": "U06GSS1QB",
        "text": "<@U06H7NYLQ>: should I use the wordpress in the mu repo\/demo?",
        "ts": "1434730570.000091"
    },
    {
        "type": "message",
        "user": "U06H7NYLQ",
        "text": "yes use this: <https:\/\/github.com\/cloudamatic\/mu\/blob\/master\/demo\/wordpress.yaml>",
        "attachments": [
            {
                "service_name": "GitHub",
                "title": "cloudamatic\/mu",
                "title_link": "https:\/\/github.com\/cloudamatic\/mu\/blob\/master\/demo\/wordpress.yaml",
                "text": "mu is the Cloudamatic developer and deployer tooling",
                "fallback": "GitHub: cloudamatic\/mu",
                "thumb_url": "https:\/\/avatars3.githubusercontent.com\/u\/12497850?v=3&s=400",
                "from_url": "https:\/\/github.com\/cloudamatic\/mu\/blob\/master\/demo\/wordpress.yaml",
                "thumb_width": 420,
                "thumb_height": 420,
                "id": 1
            }
        ],
        "ts": "1434730599.000092"
    },
    {
        "type": "message",
        "user": "U06GSS1QB",
        "text": "thx!",
        "ts": "1434730607.000094"
    },
    {
        "type": "message",
        "user": "U06H7NYLQ",
        "text": "<@U06GU12K1>: <@U06GY740J> I am running into an issue with launching the app on the AWS server",
        "ts": "1434730775.000095"
    },
    {
        "type": "message",
        "user": "U06GY740J",
        "text": "what's happening?",
        "ts": "1434730787.000096"
    },
    {
        "type": "message",
        "user": "U06H7NYLQ",
        "text": "[root@FDAPROTO-DEV-2015061900-LO-APP-WE8 egt-gsa-proto]# tail -f  \/apps\/egt-gsa-proto\/npm-debug.log\n17 error Exit status 8\n18 error Failed at the egtGsaProto@0.1.0 start script 'node server\/server.js'.\n18 error This is most likely a problem with the egtGsaProto package,\n18 error not with npm itself.\n18 error Tell the author that this fails on your system:\n18 error     node server\/server.js\n18 error You can get their info via:\n18 error     npm owner ls egtGsaProto\n18 error There is likely additional logging output above.\n19 verbose exit [ 1, true ]",
        "ts": "1434730796.000097"
    },
    {
        "type": "message",
        "user": "U06H7NYLQ",
        "text": "This is my build job",
        "ts": "1434730818.000098"
    },
    {
        "type": "message",
        "user": "U06H7NYLQ",
        "text": "cd egt-gsa-proto\n\ngit clean -f\ngit reset --hard\ngit pull origin master\nnpm install\nbower install --allow-root\n\nnohup npm start &amp;\n\necho $! &gt; ..\/nohup.pid",
        "ts": "1434730827.000099"
    },
    {
        "type": "message",
        "user": "U06GY740J",
        "text": "there are processese to build the distribiutable artifact and to run the artifact",
        "ts": "1434730917.000100"
    },
    {
        "type": "message",
        "user": "U06GY740J",
        "text": "this is the build box, so we shouldn't be doing npm start (because the package hasn't been built yet!)",
        "ts": "1434730947.000101"
    },
    {
        "type": "message",
        "user": "U06GY740J",
        "text": "the last line of your script should be \"gulp build\"",
        "ts": "1434730969.000102"
    },
    {
        "type": "message",
        "user": "U06H7NYLQ",
        "text": "the build and deploy are happening as part of the same job",
        "ts": "1434730987.000103"
    },
    {
        "type": "message",
        "user": "U06H7NYLQ",
        "text": "so after the bower and npm install",
        "ts": "1434731010.000104"
    },
    {
        "type": "message",
        "user": "U06H7NYLQ",
        "text": "I guess I need gulp build",
        "ts": "1434731033.000105"
    },
    {
        "type": "message",
        "user": "U06GY740J",
        "text": "yes",
        "ts": "1434731036.000106"
    },
    {
        "type": "message",
        "user": "U06GY740J",
        "text": "then the executable package will be in the newly-created dist folder",
        "ts": "1434731054.000107"
    },
    {
        "type": "message",
        "user": "U06GY740J",
        "text": "if you want to run from the same place, you can cd into that folder",
        "ts": "1434731071.000108"
    },
    {
        "type": "message",
        "user": "U06GY740J",
        "text": "and run \"npm start\"",
        "ts": "1434731079.000109"
    },
    {
        "type": "message",
        "user": "U06H7NYLQ",
        "text": "cool let me try that thanks",
        "ts": "1434731121.000110"
    },
    {
        "type": "message",
        "user": "U06H7NYLQ",
        "text": "<@U06GY740J>: how do I get npm start to start the app on port 80",
        "ts": "1434731266.000111"
    },
    {
        "type": "message",
        "user": "U06H7NYLQ",
        "text": "as opposed to 9000 which is default I think",
        "ts": "1434731273.000112"
    },
    {
        "type": "message",
        "user": "U06H7NYLQ",
        "text": "is there a flag?",
        "ts": "1434731281.000113"
    },
    {
        "type": "message",
        "user": "U06GSS1QB",
        "text": "<@U06H7NYLQ>: do you know the login creds offhand for the wordpress?",
        "ts": "1434731372.000114"
    },
    {
        "type": "message",
        "user": "U06GY740J",
        "text": "use environment variables",
        "ts": "1434731416.000115"
    },
    {
        "type": "message",
        "user": "U06GY740J",
        "text": "PORT=9001 npm start",
        "ts": "1434731420.000116"
    },
    {
        "type": "message",
        "user": "U06H7NYLQ",
        "text": "thanks",
        "ts": "1434731424.000117"
    },
    {
        "type": "message",
        "user": "U06H7NYLQ",
        "text": "<@U06GSS1QB>: admin \/ admin",
        "ts": "1434731492.000118"
    },
    {
        "type": "message",
        "user": "U06GSS1QB",
        "text": "<@U06H7NYLQ>: thx!",
        "ts": "1434731512.000119"
    },
    {
        "type": "message",
        "user": "U06GU12K1",
        "text": "If it's easiest to just run the thing on 9001 I'll tell set up an Apache proxy forwarder",
        "ts": "1434734728.000120"
    },
    {
        "type": "message",
        "user": "U06H7NYLQ",
        "text": "nope",
        "ts": "1434734734.000121"
    },
    {
        "type": "message",
        "user": "U06H7NYLQ",
        "text": "got it working on 80",
        "ts": "1434734737.000122"
    },
    {
        "type": "message",
        "user": "U06H7NYLQ",
        "text": "we're good",
        "ts": "1434734738.000123"
    },
    {
        "type": "message",
        "user": "U06GU12K1",
        "text": "cool",
        "ts": "1434734740.000124"
    },
    {
        "type": "message",
        "user": "U06H7NYLQ",
        "text": "lets stick with that",
        "ts": "1434734740.000125"
    },
    {
        "type": "message",
        "user": "U06H7NYLQ",
        "text": "but",
        "ts": "1434734746.000126"
    },
    {
        "type": "message",
        "user": "U06H7NYLQ",
        "text": "that load balancer",
        "ts": "1434734750.000127"
    },
    {
        "type": "message",
        "user": "U06GU12K1",
        "text": "Reckon we want that image to be able to operate independent of the infrastructure, so best to leave it there",
        "ts": "1434734761.000128"
    },
    {
        "type": "message",
        "user": "U06H7NYLQ",
        "text": "healthy threshold",
        "ts": "1434734763.000129"
    },
    {
        "type": "message",
        "user": "U06H7NYLQ",
        "text": "can be brought down to 2",
        "ts": "1434734774.000130"
    },
    {
        "type": "message",
        "user": "U06H7NYLQ",
        "text": "10 is a bit looooong",
        "ts": "1434734779.000131"
    },
    {
        "type": "message",
        "user": "U06GU12K1",
        "text": "You mean the 30s interval?",
        "ts": "1434734911.000132"
    },
    {
        "type": "message",
        "user": "U06GU12K1",
        "text": "Trick with that is that they check health from all AWS regions, so you end up pounding the heck out of whatever port your check",
        "ts": "1434734931.000133"
    },
    {
        "type": "message",
        "user": "U06GU12K1",
        "text": "If you mean the healthy\/unhealthy thresholds, those are both at 3",
        "ts": "1434734952.000134"
    },
    {
        "type": "message",
        "user": "U06GY740J",
        "text": "is it up and running now? What's the URL?",
        "ts": "1434735426.000135"
    },
    {
        "type": "message",
        "user": "U06H7NYLQ",
        "text": "<@U06GY740J>: almost jenkins is being stupid about child processes spawned via nohup",
        "ts": "1434735478.000136"
    },
    {
        "type": "message",
        "user": "U06H7NYLQ",
        "text": "its killing it so the app dies immediately",
        "ts": "1434735486.000137"
    },
    {
        "type": "message",
        "user": "U06H7NYLQ",
        "text": "i'm looking into it",
        "ts": "1434735491.000138"
    },
    {
        "type": "message",
        "user": "U06H7NYLQ",
        "text": "I'll share the URL shortly",
        "ts": "1434735495.000139"
    },
    {
        "type": "message",
        "user": "U06GU12K1",
        "text": "I'm going on a Mu dive, only half-attentive for a while. Ping me via Robert or Zach (they're in the room) if you need my attention.",
        "ts": "1434738017.000140"
    },
    {
        "type": "message",
        "user": "U06F21XJR",
        "text": "<!everyone>:  link to the demo here! <https:\/\/join.me\/teamegtgsa>",
        "attachments": [
            {
                "text": "Free, simple, fast online meetings. Share your screen instantly with anyone.",
                "fallback": "Free, simple, fast online meetings. Share your screen instantly with anyone.",
                "from_url": "https:\/\/join.me\/teamegtgsa",
                "id": 1
            }
        ],
        "ts": "1434740255.000141"
    },
    {
        "type": "message",
        "user": "U06F21XJR",
        "text": "<!everyone>: reminder that questions to GSA on the scope\/proposal are due by 12 on Monday, send them to  <mailto:anatalia.macik@eglobaltech.com|anatalia.macik@eglobaltech.com> and copy myself and rajiv asap!",
        "ts": "1434748303.000143"
    },
    {
        "type": "message",
        "subtype": "pinned_item",
        "user": "U06F21XJR",
        "item_type": "C",
        "attachments": [
            {
                "color": "D0D0D0",
                "fallback": "[June 19th, 2015 2:11 PM] jenhin: <!everyone>: reminder that questions to GSA on the scope\/proposal are due by 12 on Monday, send them to  <mailto:anatalia.macik@eglobaltech.com|anatalia.macik@eglobaltech.com> and copy myself and rajiv asap!",
                "author_subname": "jenhin",
                "ts": 1434748303,
                "text": "<!everyone>: reminder that questions to GSA on the scope\/proposal are due by 12 on Monday, send them to  <mailto:anatalia.macik@eglobaltech.com|anatalia.macik@eglobaltech.com> and copy myself and rajiv asap!",
                "author_link": "https:\/\/teamegt.slack.com\/team\/jenhin",
                "author_icon": "https:\/\/secure.gravatar.com\/avatar\/6267446f5e819b2cf9a2f9ca6d0c14e2.jpg?s=48&d=https%3A%2F%2Fslack.global.ssl.fastly.net%2F3654%2Fimg%2Favatars%2Fava_0000-48.png",
                "mrkdwn_in": [
                    "text"
                ]
            }
        ],
        "text": "<@U06F21XJR|jenhin> pinned a message to this channel.",
        "ts": "1434748344.000144"
    },
    {
        "type": "message",
        "user": "U06F27T8C",
        "text": "images from today: 1. feature map pre research, 2. feature map post research, 3. high level calendar:",
        "ts": "1434757345.000002"
    },
    {
        "type": "message",
        "subtype": "file_share",
        "text": "<@U06F27T8C|sheyaml> uploaded a file: <https:\/\/teamegt.slack.com\/files\/sheyaml\/F06JZ4H8C\/feature_mapping_pre_research.jpg|feature mapping pre research.JPG>",
        "file": {
            "id": "F06JZ4H8C",
            "created": 1434757357,
            "timestamp": 1434757357,
            "name": "feature mapping pre research.JPG",
            "title": "feature mapping pre research.JPG",
            "mimetype": "image\/jpeg",
            "filetype": "jpg",
            "pretty_type": "JPEG",
            "user": "U06F27T8C",
            "editable": false,
            "size": 555730,
            "mode": "hosted",
            "is_external": false,
            "external_type": "",
            "is_public": true,
            "public_url_shared": false,
            "url": "https:\/\/slack-files.com\/files-pub\/T06F21XJ9-F06JZ4H8C-2722b69613\/feature_mapping_pre_research.jpg",
            "url_download": "https:\/\/slack-files.com\/files-pub\/T06F21XJ9-F06JZ4H8C-2722b69613\/download\/feature_mapping_pre_research.jpg",
            "url_private": "https:\/\/files.slack.com\/files-pri\/T06F21XJ9-F06JZ4H8C\/feature_mapping_pre_research.jpg",
            "url_private_download": "https:\/\/files.slack.com\/files-pri\/T06F21XJ9-F06JZ4H8C\/download\/feature_mapping_pre_research.jpg",
            "thumb_64": "https:\/\/slack-files.com\/files-tmb\/T06F21XJ9-F06JZ4H8C-00d4fd2e22\/feature_mapping_pre_research_64.png",
            "thumb_80": "https:\/\/slack-files.com\/files-tmb\/T06F21XJ9-F06JZ4H8C-00d4fd2e22\/feature_mapping_pre_research_80.png",
            "thumb_360": "https:\/\/slack-files.com\/files-tmb\/T06F21XJ9-F06JZ4H8C-00d4fd2e22\/feature_mapping_pre_research_360.png",
            "thumb_360_w": 360,
            "thumb_360_h": 270,
            "thumb_480": "https:\/\/slack-files.com\/files-tmb\/T06F21XJ9-F06JZ4H8C-00d4fd2e22\/feature_mapping_pre_research_480.png",
            "thumb_480_w": 480,
            "thumb_480_h": 360,
            "thumb_160": "https:\/\/slack-files.com\/files-tmb\/T06F21XJ9-F06JZ4H8C-00d4fd2e22\/feature_mapping_pre_research_160.png",
            "thumb_720": "https:\/\/slack-files.com\/files-tmb\/T06F21XJ9-F06JZ4H8C-00d4fd2e22\/feature_mapping_pre_research_720.png",
            "thumb_720_w": 720,
            "thumb_720_h": 540,
            "thumb_960": "https:\/\/slack-files.com\/files-tmb\/T06F21XJ9-F06JZ4H8C-00d4fd2e22\/feature_mapping_pre_research_960.png",
            "thumb_960_w": 960,
            "thumb_960_h": 720,
            "thumb_1024": "https:\/\/slack-files.com\/files-tmb\/T06F21XJ9-F06JZ4H8C-00d4fd2e22\/feature_mapping_pre_research_1024.png",
            "thumb_1024_w": 1024,
            "thumb_1024_h": 768,
            "image_exif_rotation": 1,
            "permalink": "https:\/\/teamegt.slack.com\/files\/sheyaml\/F06JZ4H8C\/feature_mapping_pre_research.jpg",
            "permalink_public": "https:\/\/slack-files.com\/T06F21XJ9-F06JZ4H8C-2722b69613",
            "channels": [
                "C06F1SXLG"
            ],
            "groups": [],
            "ims": [],
            "comments_count": 0
        },
        "user": "U06F27T8C",
        "upload": true,
        "ts": "1434757371.000003"
    },
    {
        "type": "message",
        "subtype": "file_share",
        "text": "<@U06F27T8C|sheyaml> uploaded a file: <https:\/\/teamegt.slack.com\/files\/sheyaml\/F06JZ0S9E\/feature_mapping_post_research.jpg|feature mapping post research.JPG>",
        "file": {
            "id": "F06JZ0S9E",
            "created": 1434757380,
            "timestamp": 1434757380,
            "name": "feature mapping post research.JPG",
            "title": "feature mapping post research.JPG",
            "mimetype": "image\/jpeg",
            "filetype": "jpg",
            "pretty_type": "JPEG",
            "user": "U06F27T8C",
            "editable": false,
            "size": 544239,
            "mode": "hosted",
            "is_external": false,
            "external_type": "",
            "is_public": true,
            "public_url_shared": false,
            "url": "https:\/\/slack-files.com\/files-pub\/T06F21XJ9-F06JZ0S9E-1cd9e42c6d\/feature_mapping_post_research.jpg",
            "url_download": "https:\/\/slack-files.com\/files-pub\/T06F21XJ9-F06JZ0S9E-1cd9e42c6d\/download\/feature_mapping_post_research.jpg",
            "url_private": "https:\/\/files.slack.com\/files-pri\/T06F21XJ9-F06JZ0S9E\/feature_mapping_post_research.jpg",
            "url_private_download": "https:\/\/files.slack.com\/files-pri\/T06F21XJ9-F06JZ0S9E\/download\/feature_mapping_post_research.jpg",
            "thumb_64": "https:\/\/slack-files.com\/files-tmb\/T06F21XJ9-F06JZ0S9E-3abc8a3e48\/feature_mapping_post_research_64.png",
            "thumb_80": "https:\/\/slack-files.com\/files-tmb\/T06F21XJ9-F06JZ0S9E-3abc8a3e48\/feature_mapping_post_research_80.png",
            "thumb_360": "https:\/\/slack-files.com\/files-tmb\/T06F21XJ9-F06JZ0S9E-3abc8a3e48\/feature_mapping_post_research_360.png",
            "thumb_360_w": 360,
            "thumb_360_h": 270,
            "thumb_480": "https:\/\/slack-files.com\/files-tmb\/T06F21XJ9-F06JZ0S9E-3abc8a3e48\/feature_mapping_post_research_480.png",
            "thumb_480_w": 480,
            "thumb_480_h": 360,
            "thumb_160": "https:\/\/slack-files.com\/files-tmb\/T06F21XJ9-F06JZ0S9E-3abc8a3e48\/feature_mapping_post_research_160.png",
            "thumb_720": "https:\/\/slack-files.com\/files-tmb\/T06F21XJ9-F06JZ0S9E-3abc8a3e48\/feature_mapping_post_research_720.png",
            "thumb_720_w": 720,
            "thumb_720_h": 540,
            "thumb_960": "https:\/\/slack-files.com\/files-tmb\/T06F21XJ9-F06JZ0S9E-3abc8a3e48\/feature_mapping_post_research_960.png",
            "thumb_960_w": 960,
            "thumb_960_h": 720,
            "thumb_1024": "https:\/\/slack-files.com\/files-tmb\/T06F21XJ9-F06JZ0S9E-3abc8a3e48\/feature_mapping_post_research_1024.png",
            "thumb_1024_w": 1024,
            "thumb_1024_h": 768,
            "image_exif_rotation": 1,
            "permalink": "https:\/\/teamegt.slack.com\/files\/sheyaml\/F06JZ0S9E\/feature_mapping_post_research.jpg",
            "permalink_public": "https:\/\/slack-files.com\/T06F21XJ9-F06JZ0S9E-1cd9e42c6d",
            "channels": [
                "C06F1SXLG"
            ],
            "groups": [],
            "ims": [],
            "comments_count": 0
        },
        "user": "U06F27T8C",
        "upload": true,
        "ts": "1434757395.000004"
    },
    {
        "type": "message",
        "subtype": "file_share",
        "text": "<@U06F27T8C|sheyaml> uploaded a file: <https:\/\/teamegt.slack.com\/files\/sheyaml\/F06JZ4T4Z\/high_level_calendar.jpg|high level calendar.JPG>",
        "file": {
            "id": "F06JZ4T4Z",
            "created": 1434757406,
            "timestamp": 1434757406,
            "name": "high level calendar.JPG",
            "title": "high level calendar.JPG",
            "mimetype": "image\/jpeg",
            "filetype": "jpg",
            "pretty_type": "JPEG",
            "user": "U06F27T8C",
            "editable": false,
            "size": 587349,
            "mode": "hosted",
            "is_external": false,
            "external_type": "",
            "is_public": true,
            "public_url_shared": false,
            "url": "https:\/\/slack-files.com\/files-pub\/T06F21XJ9-F06JZ4T4Z-8d7d7ac831\/high_level_calendar.jpg",
            "url_download": "https:\/\/slack-files.com\/files-pub\/T06F21XJ9-F06JZ4T4Z-8d7d7ac831\/download\/high_level_calendar.jpg",
            "url_private": "https:\/\/files.slack.com\/files-pri\/T06F21XJ9-F06JZ4T4Z\/high_level_calendar.jpg",
            "url_private_download": "https:\/\/files.slack.com\/files-pri\/T06F21XJ9-F06JZ4T4Z\/download\/high_level_calendar.jpg",
            "thumb_64": "https:\/\/slack-files.com\/files-tmb\/T06F21XJ9-F06JZ4T4Z-2f6ebc21ff\/high_level_calendar_64.png",
            "thumb_80": "https:\/\/slack-files.com\/files-tmb\/T06F21XJ9-F06JZ4T4Z-2f6ebc21ff\/high_level_calendar_80.png",
            "thumb_360": "https:\/\/slack-files.com\/files-tmb\/T06F21XJ9-F06JZ4T4Z-2f6ebc21ff\/high_level_calendar_360.png",
            "thumb_360_w": 270,
            "thumb_360_h": 360,
            "thumb_480": "https:\/\/slack-files.com\/files-tmb\/T06F21XJ9-F06JZ4T4Z-2f6ebc21ff\/high_level_calendar_480.png",
            "thumb_480_w": 360,
            "thumb_480_h": 480,
            "thumb_160": "https:\/\/slack-files.com\/files-tmb\/T06F21XJ9-F06JZ4T4Z-2f6ebc21ff\/high_level_calendar_160.png",
            "thumb_720": "https:\/\/slack-files.com\/files-tmb\/T06F21XJ9-F06JZ4T4Z-2f6ebc21ff\/high_level_calendar_720.png",
            "thumb_720_w": 540,
            "thumb_720_h": 720,
            "thumb_960": "https:\/\/slack-files.com\/files-tmb\/T06F21XJ9-F06JZ4T4Z-2f6ebc21ff\/high_level_calendar_960.png",
            "thumb_960_w": 720,
            "thumb_960_h": 960,
            "thumb_1024": "https:\/\/slack-files.com\/files-tmb\/T06F21XJ9-F06JZ4T4Z-2f6ebc21ff\/high_level_calendar_1024.png",
            "thumb_1024_w": 768,
            "thumb_1024_h": 1024,
            "image_exif_rotation": 6,
            "permalink": "https:\/\/teamegt.slack.com\/files\/sheyaml\/F06JZ4T4Z\/high_level_calendar.jpg",
            "permalink_public": "https:\/\/slack-files.com\/T06F21XJ9-F06JZ4T4Z-8d7d7ac831",
            "channels": [
                "C06F1SXLG"
            ],
            "groups": [],
            "ims": [],
            "comments_count": 0
        },
        "user": "U06F27T8C",
        "upload": true,
        "ts": "1434757421.000005"
    },
    {
        "type": "message",
        "user": "U06F21XJR",
        "text": "Hey <@U06H7NYLQ> <@U06GY740J> <@U06GU12K1>  don't forget to close out  any cards in github for Sprint 0 with your commit (as applicable) so I can close out this milestone or move cards to Sprint 1! <https:\/\/github.com\/eGT-Labs\/egt-gsa-proto\/issues>",
        "ts": "1434766559.000006"
    },
    {
        "type": "message",
        "user": "U06F21XJR",
        "text": "I forgot to mention during our demo :)",
        "ts": "1434766669.000007"
    }
]