[
    {
        "type": "message",
        "user": "U06GU12K1",
        "text": "Dialed in for the morning's call...",
        "ts": "1434978090.000076"
    },
    {
        "type": "message",
        "user": "U06GU12K1",
        "text": "<@U06F21XJR>: I need to stick an email address in Apache's config, which will display at the bottom of error pages. Borderline irrelevant, but- to whom do you want that to go?",
        "ts": "1434981383.000077"
    },
    {
        "type": "message",
        "user": "U06GU12K1",
        "text": "Also, for <@U06F21XJR> or <@U06F25KCP> : John Karau's been roped in for testing, I believe, and would like to be invited to the various calls",
        "ts": "1434982353.000078"
    },
    {
        "type": "message",
        "user": "U06F25KCP",
        "text": "Excellent, I'll add them to the invites shortly",
        "ts": "1434982751.000079"
    },
    {
        "type": "message",
        "user": "U06F21XJR",
        "text": "Hmm not sure, what email do we usually use there <@U06GU12K1> ",
        "ts": "1434984488.000080"
    },
    {
        "type": "message",
        "user": "U06GU12K1",
        "text": "Project-specific, typically",
        "ts": "1434984503.000081"
    },
    {
        "type": "message",
        "user": "U06GU12K1",
        "text": "I'm using mine for now",
        "ts": "1434984508.000082"
    },
    {
        "type": "message",
        "user": "U06F21XJR",
        "text": "Okie dokie",
        "ts": "1434984567.000083"
    },
    {
        "type": "message",
        "user": "U06F21XJR",
        "text": "Give me till this afternoon ",
        "ts": "1434984586.000084"
    },
    {
        "user": "U06LQ040J",
        "type": "message",
        "subtype": "channel_join",
        "text": "<@U06LQ040J|jared> has joined the channel",
        "ts": "1434985395.000085"
    },
    {
        "user": "U06LS18AG",
        "type": "message",
        "subtype": "channel_join",
        "text": "<@U06LS18AG|cgotcuegt> has joined the channel",
        "ts": "1434987559.000086"
    },
    {
        "type": "message",
        "user": "U06GU12K1",
        "text": "<@U06GSS1QB>: The .pfx file for the eGT Labs wildcard cert appears to be the only one with the actual certificate and key in it. I can export it just fine, but the password isn't in here anywhere. Do you have it someplace? Can you put it in LastPass if so?",
        "ts": "1434987562.000087"
    },
    {
        "type": "message",
        "user": "U06LS18AG",
        "text": "HI",
        "ts": "1434987631.000088"
    },
    {
        "type": "message",
        "user": "U06GY740J",
        "text": "Chris!",
        "ts": "1434987684.000089"
    },
    {
        "type": "message",
        "user": "U06LS18AG",
        "text": "Eric!",
        "ts": "1434987746.000090"
    },
    {
        "type": "message",
        "user": "U06LS18AG",
        "text": "&lt;\/trolling&gt;",
        "ts": "1434987754.000091"
    },
    {
        "type": "message",
        "user": "U06LS18AG",
        "text": "<@U06GU12K1>: per last night's chatty do you need anything in terms of viz for this effort or was that unrelated to this?",
        "ts": "1434988331.000092"
    },
    {
        "type": "message",
        "user": "U06GU12K1",
        "text": "Unrelated, that was all for the 1.0 Mu release",
        "ts": "1434988346.000093"
    },
    {
        "type": "message",
        "user": "U06LS18AG",
        "text": "ah ok; we'll resume after",
        "ts": "1434988358.000094"
    },
    {
        "type": "message",
        "user": "U06GU12K1",
        "text": "<@U06H7NYLQ>:  Where does this 'forever' command in the build job come from?",
        "ts": "1434995393.000095"
    },
    {
        "type": "message",
        "user": "U06H7NYLQ",
        "text": "yes so thats the one I was referring to in the morning call",
        "ts": "1434995407.000096"
    },
    {
        "type": "message",
        "user": "U06H7NYLQ",
        "text": "<https:\/\/github.com\/foreverjs\/forever>",
        "attachments": [
            {
                "service_name": "GitHub",
                "title": "foreverjs\/forever",
                "title_link": "https:\/\/github.com\/foreverjs\/forever",
                "text": "A simple CLI tool for ensuring that a given script runs continuously (i.e. forever)",
                "fallback": "GitHub: foreverjs\/forever",
                "thumb_url": "https:\/\/avatars1.githubusercontent.com\/u\/10152066?v=3&s=400",
                "from_url": "https:\/\/github.com\/foreverjs\/forever",
                "thumb_width": 345,
                "thumb_height": 345,
                "id": 1
            }
        ],
        "ts": "1434995435.000097"
    },
    {
        "type": "message",
        "user": "U06H7NYLQ",
        "text": "this is what it is",
        "ts": "1434995438.000099"
    },
    {
        "type": "message",
        "user": "U06H7NYLQ",
        "text": "I installed it as an npm package manually on the app server",
        "ts": "1434995447.000100"
    },
    {
        "type": "message",
        "user": "U06H7NYLQ",
        "text": "and that allows us to run the app as background process",
        "ts": "1434995466.000101"
    },
    {
        "type": "message",
        "user": "U06GU12K1",
        "text": "Simple enough. Added to the Chef recipe.",
        "ts": "1434995776.000102"
    },
    {
        "type": "message",
        "user": "U06H7NYLQ",
        "text": "cool thanks",
        "ts": "1434995785.000103"
    },
    {
        "type": "message",
        "user": "U06GU12K1",
        "text": "Anyway, here's Wonderwall: <https:\/\/ec2-52-6-235-114.compute-1.amazonaws.com\/>",
        "ts": "1434995833.000104"
    },
    {
        "type": "message",
        "user": "U06GU12K1",
        "text": "(ignore SSL warnings)",
        "ts": "1434995837.000105"
    },
    {
        "type": "message",
        "user": "U06H7NYLQ",
        "text": "WONDERFUL",
        "ts": "1434995879.000106"
    },
    {
        "type": "message",
        "user": "U06H7NYLQ",
        "text": "all automated and everything!",
        "ts": "1434995883.000107"
    },
    {
        "type": "message",
        "user": "U06GU12K1",
        "text": "For the automation, see <https:\/\/github.com\/eGT-Labs\/gsa_platform>",
        "attachments": [
            {
                "service_name": "GitHub",
                "title": "eGT-Labs\/gsa_platform",
                "title_link": "https:\/\/github.com\/eGT-Labs\/gsa_platform",
                "text": "gsa_platform - For the GSA 18F",
                "fallback": "GitHub: eGT-Labs\/gsa_platform",
                "thumb_url": "https:\/\/avatars0.githubusercontent.com\/u\/5140903?v=3&s=400",
                "from_url": "https:\/\/github.com\/eGT-Labs\/gsa_platform",
                "thumb_width": 242,
                "thumb_height": 242,
                "id": 1
            }
        ],
        "ts": "1434995892.000108"
    },
    {
        "type": "message",
        "user": "U06H7NYLQ",
        "text": "wanna switch over the route 53 record to point to this",
        "ts": "1434995896.000110"
    },
    {
        "type": "message",
        "user": "U06H7NYLQ",
        "text": "we can start using this new one",
        "ts": "1434995901.000111"
    },
    {
        "type": "message",
        "user": "U06GU12K1",
        "text": "In particular, applications\/fda-proto.yaml and site_cookbooks\/fda-proto\/recipes\/jenkins.rb",
        "ts": "1434995927.000112"
    },
    {
        "type": "message",
        "user": "U06GU12K1",
        "text": "More things to verify first",
        "ts": "1434996019.000113"
    },
    {
        "type": "message",
        "user": "U06GU12K1",
        "text": "For one I don't think it's actually talking to Slack, and for another the ELB hasn't figured out that the service is available yet",
        "ts": "1434996044.000114"
    },
    {
        "type": "message",
        "user": "U06GU12K1",
        "text": "The former is probably trivial",
        "ts": "1434996059.000115"
    },
    {
        "type": "message",
        "user": "U06H7NYLQ",
        "text": "1. Slack - the issue is its not even installed",
        "ts": "1434996106.000116"
    },
    {
        "type": "message",
        "user": "U06H7NYLQ",
        "text": "I don't see it in the jenkins installed plugin list",
        "ts": "1434996124.000117"
    },
    {
        "type": "message",
        "user": "U06GU12K1",
        "text": "Novel",
        "ts": "1434996154.000118"
    },
    {
        "type": "message",
        "user": "U06GU12K1",
        "text": "Oh, wait, I think it's a busted mirror timing out",
        "ts": "1434996163.000119"
    },
    {
        "type": "message",
        "user": "U06GU12K1",
        "text": "Not our fault",
        "ts": "1434996167.000120"
    },
    {
        "type": "message",
        "user": "U06H7NYLQ",
        "text": "one other probably trivial thing: <https:\/\/ec2-52-6-235-114.compute-1.amazonaws.com\/manage>",
        "ts": "1434996170.000121"
    },
    {
        "type": "message",
        "user": "U06H7NYLQ",
        "text": "\"It appears that your reverse proxy set up is broken.\"",
        "ts": "1434996174.000122"
    },
    {
        "type": "message",
        "user": "U06H7NYLQ",
        "text": "maybe thats jenkins just being noisy and not a real issue",
        "ts": "1434996188.000123"
    },
    {
        "type": "message",
        "user": "U06GU12K1",
        "text": "Yeah, the other one does it too",
        "ts": "1434996204.000124"
    },
    {
        "type": "message",
        "user": "U06GU12K1",
        "text": "That got it, I think",
        "ts": "1434997158.000125"
    },
    {
        "type": "message",
        "user": "U06GU12K1",
        "text": "It needed its own special config file transplanted",
        "ts": "1434997169.000126"
    },
    {
        "type": "message",
        "user": "U06GU12K1",
        "text": "Some of the other plugins have .xml files under \/var\/lib\/jenkins on your handcrafted machine, too, but they don't seem to be complaining",
        "ts": "1434997189.000127"
    },
    {
        "type": "message",
        "user": "U06GU12K1",
        "text": "Lemme tear down that stack and build one more just for sanity, then I need to go run some errands",
        "ts": "1434997320.000128"
    },
    {
        "type": "message",
        "user": "U06GU12K1",
        "text": "Fresh stack online. Jenkins: <https:\/\/ec2-52-4-70-205.compute-1.amazonaws.com> App (not running yet): <http:\/\/fdaproto-dev-fr-app-n51-376953820.us-east-1.elb.amazonaws.com\/>",
        "ts": "1434998470.000129"
    },
    {
        "type": "message",
        "user": "U06H7NYLQ",
        "text": "sweet slack's working!",
        "ts": "1434998517.000130"
    },
    {
        "type": "message",
        "user": "U06GU12K1",
        "text": "I think we've got a Mu bug with ingress_rules not getting populated into server_pools. I've probably already fixed it in my other ridiculous branch, but noting here so I don't forget to get into it later.",
        "ts": "1434998533.000131"
    },
    {
        "type": "message",
        "user": "U06GU12K1",
        "text": "I need to bolt and take care of a bunch of Real Life that ignored all weekend in favor of coding, not likely to make the 4:30 demo. If there's anything that needs my attention, holler.",
        "ts": "1434998615.000132"
    },
    {
        "type": "message",
        "user": "U06GU12K1",
        "text": "Jai, if you can check out that Jenkins rig and let me know if there's any other configuration or functionality missing (probably users at least), and either add it by fiddling with things in site_cookbooks\/fda-proto\/recipes\/jenkins.rb or giving me a skeletal list, that'd be grand.",
        "ts": "1434998693.000133"
    },
    {
        "type": "message",
        "user": "U06H7NYLQ",
        "text": "will do!",
        "ts": "1434998706.000134"
    },
    {
        "type": "message",
        "user": "U06HB3LLR",
        "text": "<@U06GU12K1>, <@U06GSS1QB>, <@U06H7NYLQ> , <@U06GY740J> , <@U06F21XJR> - If I understood <@U06GU12K1> correctly, we are storing the proto's recipes in this repo - <https:\/\/github.com\/eGT-Labs\/gsa_platform> ? Any reason why we can't store this in the app-code repo ? We have to give them one git repo that contains everything. Would that make sense ?",
        "attachments": [
            {
                "service_name": "GitHub",
                "title": "eGT-Labs\/gsa_platform",
                "title_link": "https:\/\/github.com\/eGT-Labs\/gsa_platform",
                "text": "gsa_platform - For the GSA 18F",
                "fallback": "GitHub: eGT-Labs\/gsa_platform",
                "thumb_url": "https:\/\/avatars0.githubusercontent.com\/u\/5140903?v=3&s=400",
                "from_url": "https:\/\/github.com\/eGT-Labs\/gsa_platform",
                "thumb_width": 242,
                "thumb_height": 242,
                "id": 1
            }
        ],
        "ts": "1435002544.000135"
    },
    {
        "type": "message",
        "user": "U06GU12K1",
        "text": "Mu requires a particular directory structure for its Chef resources.  People were concerned about confusing the reviewer with extra directories in the actual code repository, so for the moment it lives there.",
        "ts": "1435002593.000137"
    },
    {
        "type": "message",
        "user": "U06GU12K1",
        "text": "I have no strong emotions about it one way or t'other.",
        "ts": "1435002608.000138"
    },
    {
        "type": "message",
        "user": "U06GSS1QB",
        "text": "If they want a single repo, suppose we isolate the mu bits in site_cookbooks and applications?  Will that do it,  or close?",
        "ts": "1435002643.000139"
    },
    {
        "type": "message",
        "user": "U06GU12K1",
        "text": "applications\/ can go anywhere. roles\/ and site_cookbooks\/ need to stay where they are.",
        "ts": "1435002679.000140"
    },
    {
        "type": "message",
        "user": "U06GSS1QB",
        "text": "I know ... what I was saying was perhaps we could put any platform cookbooks in site_cookbooks.  Roles, nothing can be done, but that shouldn't be too bad.",
        "ts": "1435002766.000141"
    },
    {
        "type": "message",
        "user": "U06H7NYLQ",
        "text": "wait can we not just take the whole gsa_platform repo",
        "ts": "1435002784.000142"
    },
    {
        "type": "message",
        "user": "U06H7NYLQ",
        "text": "and put that as a sub-folder",
        "ts": "1435002789.000143"
    },
    {
        "type": "message",
        "user": "U06H7NYLQ",
        "text": "of the applicaiton repo",
        "ts": "1435002792.000144"
    },
    {
        "type": "message",
        "user": "U06GU12K1",
        "text": "The utilities won't know where to find Chef bits if they're not where it expects them.",
        "ts": "1435002806.000145"
    },
    {
        "type": "message",
        "user": "U06GSS1QB",
        "text": "Perhaps we should go component by component of the gsa_platform repo and see what can go where",
        "ts": "1435002845.000146"
    },
    {
        "type": "message",
        "user": "U06GU12K1",
        "text": "<@U06GSS1QB>: There's nothing in site_cookbooks *but* platform stuff, so I'm not sure what you're getting at.",
        "ts": "1435002850.000147"
    },
    {
        "type": "message",
        "user": "U06GSS1QB",
        "text": "Rajiv, are you sure it's a 1 repo limit?",
        "ts": "1435002859.000148"
    },
    {
        "type": "message",
        "user": "U06GSS1QB",
        "text": "I'm getting at this:  in the APP repo put all app stuff in cookbooks and platform stuff in site_cookbooks, then add an applications folder",
        "ts": "1435002894.000149"
    },
    {
        "type": "message",
        "user": "U06GSS1QB",
        "text": "Roles do for both",
        "ts": "1435002903.000150"
    },
    {
        "type": "message",
        "user": "U06GU12K1",
        "text": "site_cookbooks and cookbooks have no semantic distinction as far as Mu is concerned. This repo doesn't even have the latter.",
        "ts": "1435002954.000151"
    },
    {
        "type": "message",
        "user": "U06GSS1QB",
        "text": "That's right ... which means that we can merge gsa_platform into the app repo by using that unused space in site_cookbooks for platfom.  Clear?",
        "ts": "1435002985.000152"
    },
    {
        "type": "message",
        "user": "U06GU12K1",
        "text": "There's no \"unused space.\" I really have no idea what you're on about. Here's the app repo: <https:\/\/github.com\/eGT-Labs\/egt-gsa-proto>",
        "ts": "1435003055.000153"
    },
    {
        "type": "message",
        "user": "U06GSS1QB",
        "text": "(unused sematic space)",
        "ts": "1435003059.000154"
    },
    {
        "type": "message",
        "user": "U06GU12K1",
        "text": "Stick site_cookbooks\/ or roles\/ in there or don't, it's really a binary question.",
        "ts": "1435003073.000155"
    },
    {
        "type": "message",
        "user": "U06GSS1QB",
        "text": "Ah, I see.  Sorry for the confusion.  So what I'm suggesting is simply to add the mu structures to this cookbook, period.",
        "ts": "1435003137.000156"
    },
    {
        "type": "message",
        "user": "U06GSS1QB",
        "text": "Assuming, of course, GSA requires it.",
        "ts": "1435003167.000157"
    },
    {
        "type": "message",
        "user": "U06GSS1QB",
        "text": "(it=single repo)",
        "ts": "1435003174.000158"
    },
    {
        "type": "message",
        "user": "U06GSS1QB",
        "text": "<@U06GU12K1>: New topic ... I seem to recall that there was some automated mechanism for cleaning the ami created for a pool from a server node.  Is that an image_and_destroy thing only, or do you recall?",
        "ts": "1435003811.000159"
    },
    {
        "type": "message",
        "user": "U06GU12K1",
        "text": "There is, but it's crude and incomplete. It's actually on my internal_wrangler punch list, as one of the last vestiges of direct references to Chef in MU::Cloud::AWS::Server",
        "ts": "1435005608.000160"
    },
    {
        "type": "message",
        "user": "U06GU12K1",
        "text": "....did that seriously just convert the word \"cloud\" into an icon?",
        "ts": "1435005632.000161"
    },
    {
        "type": "message",
        "user": "U06FLV9PA",
        "text": "yes, :&lt;word&gt;: is treated as an emoticon",
        "ts": "1435007156.000162"
    },
    {
        "type": "message",
        "user": "U06FLV9PA",
        "text": ":smiley_cat:",
        "ts": "1435007183.000163"
    },
    {
        "type": "message",
        "user": "U06HB3LLR",
        "text": "<@U06GSS1QB>: it is a one repo limit. We want to strive for simplicity. We can put a readme in each high level folder to clarify the reviewer the purpose of those files. Long term we need to figure out does it make sense to club the deployment artifacts within the app code repo or should they be different. I was hoping it would be the same as we are moving towards DevOps model. This also allows us to progress towards sequencing deployment of multiple applications &lt;syntax&gt;app:basket of kittens; system:a basket of (app)*; ecosystem:a basket of (system)* &lt;\/syntax&gt; - maybe this is too much to digest.",
        "ts": "1435011900.000164"
    },
    {
        "type": "message",
        "user": "U06GSS1QB",
        "text": "Well, longterm I like some kind of separation ... but it doesn't necessarily have to be at a repository level",
        "ts": "1435013771.000165"
    },
    {
        "type": "message",
        "user": "U06GU12K1",
        "text": "Fixed the minor Mu bug I noted earlier today in *master*, FYI",
        "ts": "1435025742.000166"
    }
]