[
    {
        "type": "message",
        "user": "U06GU12K1",
        "text": "I'm doing a test run now, but FYI, I just did a security sweep through the automation. Moved the API key to a vault, locked down Jenkins to not be available via the public internet, and rigged it to require authentication to actually do anything. I don't think anyone should need to get to the Jenkins UI at this point, except maybe <@U06FLV9PA> if he's meddling with automated testing. If so I can grant him access.",
        "ts": "1435246595.000259"
    },
    {
        "type": "message",
        "user": "U06GU12K1",
        "text": "Dropped screenshots of the various AWS consoles into the github issue.",
        "ts": "1435247268.000260"
    },
    {
        "type": "message",
        "user": "U06F21XJR",
        "text": "\/giphy muchas gracias",
        "attachments": [
            {
                "fallback": "giphy: <http:\/\/giphy.com\/gifs\/dance-comedy-2012-NInRuoa5Q0UoM>",
                "image_url": "http:\/\/media2.giphy.com\/media\/NInRuoa5Q0UoM\/giphy.gif",
                "image_width": 400,
                "image_height": 215,
                "image_bytes": 984194,
                "title": "muchas gracias",
                "id": 1,
                "title_link": "http:\/\/giphy.com\/gifs\/dance-comedy-2012-NInRuoa5Q0UoM"
            }
        ],
        "ts": "1435248111.000261"
    },
    {
        "type": "message",
        "user": "U06F21XJR",
        "text": "weird giphy but thanks john! :simple_smile:",
        "ts": "1435248130.000262"
    },
    {
        "type": "message",
        "user": "U06GU12K1",
        "text": "Works. Committed.",
        "ts": "1435249085.000263"
    },
    {
        "type": "message",
        "user": "U06GSS1QB",
        "text": "<@U06GY740J>: Eric, I'm having a problem with the docker build in the latest, which does not put the new index.html in dist.  Any idea why?",
        "ts": "1435260504.000264"
    },
    {
        "type": "message",
        "user": "U06GU12K1",
        "text": "<@U06GY740J>: I was shoulder-surfing him. Git's kvetching about that file. Might be something  generated that should be git rm'd and dropped in .gitignore.",
        "ts": "1435262888.000265"
    },
    {
        "type": "message",
        "user": "U06GU12K1",
        "text": "<@U06FLV9PA>:  Installed your key onto <http:\/\/stange.egt-labs.com|stange.egt-labs.com>, ssh in at will",
        "ts": "1435264315.000266"
    }
]