[
    {
        "type": "message",
        "subtype": "file_share",
        "text": "<@U06F21XJR|jenhin> uploaded a file: <https:\/\/teamegt.slack.com\/files\/jenhin\/F06K7UA0N\/20150620_085714.jpg|Meet Jim! User persona>",
        "file": {
            "id": "F06K7UA0N",
            "created": 1434805159,
            "timestamp": 1434805159,
            "name": "20150620_085714.jpg",
            "title": "Meet Jim! User persona",
            "mimetype": "image\/jpeg",
            "filetype": "jpg",
            "pretty_type": "JPEG",
            "user": "U06F21XJR",
            "editable": false,
            "size": 3982410,
            "mode": "hosted",
            "is_external": false,
            "external_type": "",
            "is_public": true,
            "public_url_shared": false,
            "url": "https:\/\/slack-files.com\/files-pub\/T06F21XJ9-F06K7UA0N-cb4fe7d5bf\/20150620_085714.jpg",
            "url_download": "https:\/\/slack-files.com\/files-pub\/T06F21XJ9-F06K7UA0N-cb4fe7d5bf\/download\/20150620_085714.jpg",
            "url_private": "https:\/\/files.slack.com\/files-pri\/T06F21XJ9-F06K7UA0N\/20150620_085714.jpg",
            "url_private_download": "https:\/\/files.slack.com\/files-pri\/T06F21XJ9-F06K7UA0N\/download\/20150620_085714.jpg",
            "thumb_64": "https:\/\/slack-files.com\/files-tmb\/T06F21XJ9-F06K7UA0N-aa147d0727\/20150620_085714_64.png",
            "thumb_80": "https:\/\/slack-files.com\/files-tmb\/T06F21XJ9-F06K7UA0N-aa147d0727\/20150620_085714_80.png",
            "thumb_360": "https:\/\/slack-files.com\/files-tmb\/T06F21XJ9-F06K7UA0N-aa147d0727\/20150620_085714_360.png",
            "thumb_360_w": 360,
            "thumb_360_h": 203,
            "thumb_480": "https:\/\/slack-files.com\/files-tmb\/T06F21XJ9-F06K7UA0N-aa147d0727\/20150620_085714_480.png",
            "thumb_480_w": 480,
            "thumb_480_h": 270,
            "thumb_160": "https:\/\/slack-files.com\/files-tmb\/T06F21XJ9-F06K7UA0N-aa147d0727\/20150620_085714_160.png",
            "thumb_720": "https:\/\/slack-files.com\/files-tmb\/T06F21XJ9-F06K7UA0N-aa147d0727\/20150620_085714_720.png",
            "thumb_720_w": 720,
            "thumb_720_h": 405,
            "thumb_960": "https:\/\/slack-files.com\/files-tmb\/T06F21XJ9-F06K7UA0N-aa147d0727\/20150620_085714_960.png",
            "thumb_960_w": 960,
            "thumb_960_h": 540,
            "thumb_1024": "https:\/\/slack-files.com\/files-tmb\/T06F21XJ9-F06K7UA0N-aa147d0727\/20150620_085714_1024.png",
            "thumb_1024_w": 1024,
            "thumb_1024_h": 576,
            "image_exif_rotation": 1,
            "permalink": "https:\/\/teamegt.slack.com\/files\/jenhin\/F06K7UA0N\/20150620_085714.jpg",
            "permalink_public": "https:\/\/slack-files.com\/T06F21XJ9-F06K7UA0N-cb4fe7d5bf",
            "channels": [
                "C06F1SXLG"
            ],
            "groups": [],
            "ims": [],
            "comments_count": 0
        },
        "user": "U06F21XJR",
        "upload": true,
        "ts": "1434805180.000008"
    },
    {
        "type": "message",
        "subtype": "file_share",
        "text": "<@U06F21XJR|jenhin> uploaded a file: <https:\/\/teamegt.slack.com\/files\/jenhin\/F06K852UV\/20150620_085727.jpg|Home page mockup>",
        "file": {
            "id": "F06K852UV",
            "created": 1434805186,
            "timestamp": 1434805186,
            "name": "20150620_085727.jpg",
            "title": "Home page mockup",
            "mimetype": "image\/jpeg",
            "filetype": "jpg",
            "pretty_type": "JPEG",
            "user": "U06F21XJR",
            "editable": false,
            "size": 3354544,
            "mode": "hosted",
            "is_external": false,
            "external_type": "",
            "is_public": true,
            "public_url_shared": false,
            "url": "https:\/\/slack-files.com\/files-pub\/T06F21XJ9-F06K852UV-eb3bd3f955\/20150620_085727.jpg",
            "url_download": "https:\/\/slack-files.com\/files-pub\/T06F21XJ9-F06K852UV-eb3bd3f955\/download\/20150620_085727.jpg",
            "url_private": "https:\/\/files.slack.com\/files-pri\/T06F21XJ9-F06K852UV\/20150620_085727.jpg",
            "url_private_download": "https:\/\/files.slack.com\/files-pri\/T06F21XJ9-F06K852UV\/download\/20150620_085727.jpg",
            "thumb_64": "https:\/\/slack-files.com\/files-tmb\/T06F21XJ9-F06K852UV-1a77582b89\/20150620_085727_64.png",
            "thumb_80": "https:\/\/slack-files.com\/files-tmb\/T06F21XJ9-F06K852UV-1a77582b89\/20150620_085727_80.png",
            "thumb_360": "https:\/\/slack-files.com\/files-tmb\/T06F21XJ9-F06K852UV-1a77582b89\/20150620_085727_360.png",
            "thumb_360_w": 203,
            "thumb_360_h": 360,
            "thumb_480": "https:\/\/slack-files.com\/files-tmb\/T06F21XJ9-F06K852UV-1a77582b89\/20150620_085727_480.png",
            "thumb_480_w": 270,
            "thumb_480_h": 480,
            "thumb_160": "https:\/\/slack-files.com\/files-tmb\/T06F21XJ9-F06K852UV-1a77582b89\/20150620_085727_160.png",
            "thumb_720": "https:\/\/slack-files.com\/files-tmb\/T06F21XJ9-F06K852UV-1a77582b89\/20150620_085727_720.png",
            "thumb_720_w": 405,
            "thumb_720_h": 720,
            "thumb_960": "https:\/\/slack-files.com\/files-tmb\/T06F21XJ9-F06K852UV-1a77582b89\/20150620_085727_960.png",
            "thumb_960_w": 540,
            "thumb_960_h": 960,
            "thumb_1024": "https:\/\/slack-files.com\/files-tmb\/T06F21XJ9-F06K852UV-1a77582b89\/20150620_085727_1024.png",
            "thumb_1024_w": 576,
            "thumb_1024_h": 1024,
            "image_exif_rotation": 6,
            "permalink": "https:\/\/teamegt.slack.com\/files\/jenhin\/F06K852UV\/20150620_085727.jpg",
            "permalink_public": "https:\/\/slack-files.com\/T06F21XJ9-F06K852UV-eb3bd3f955",
            "channels": [
                "C06F1SXLG"
            ],
            "groups": [],
            "ims": [],
            "comments_count": 0
        },
        "user": "U06F21XJR",
        "upload": true,
        "ts": "1434805207.000009"
    },
    {
        "type": "message",
        "subtype": "file_share",
        "text": "<@U06F21XJR|jenhin> uploaded a file: <https:\/\/teamegt.slack.com\/files\/jenhin\/F06K82CAD\/20150620_085746.jpg|Beginnings of result page mockup>",
        "file": {
            "id": "F06K82CAD",
            "created": 1434805215,
            "timestamp": 1434805215,
            "name": "20150620_085746.jpg",
            "title": "Beginnings of result page mockup",
            "mimetype": "image\/jpeg",
            "filetype": "jpg",
            "pretty_type": "JPEG",
            "user": "U06F21XJR",
            "editable": false,
            "size": 3586360,
            "mode": "hosted",
            "is_external": false,
            "external_type": "",
            "is_public": true,
            "public_url_shared": false,
            "url": "https:\/\/slack-files.com\/files-pub\/T06F21XJ9-F06K82CAD-a2481858e9\/20150620_085746.jpg",
            "url_download": "https:\/\/slack-files.com\/files-pub\/T06F21XJ9-F06K82CAD-a2481858e9\/download\/20150620_085746.jpg",
            "url_private": "https:\/\/files.slack.com\/files-pri\/T06F21XJ9-F06K82CAD\/20150620_085746.jpg",
            "url_private_download": "https:\/\/files.slack.com\/files-pri\/T06F21XJ9-F06K82CAD\/download\/20150620_085746.jpg",
            "thumb_64": "https:\/\/slack-files.com\/files-tmb\/T06F21XJ9-F06K82CAD-a3e1cccec3\/20150620_085746_64.png",
            "thumb_80": "https:\/\/slack-files.com\/files-tmb\/T06F21XJ9-F06K82CAD-a3e1cccec3\/20150620_085746_80.png",
            "thumb_360": "https:\/\/slack-files.com\/files-tmb\/T06F21XJ9-F06K82CAD-a3e1cccec3\/20150620_085746_360.png",
            "thumb_360_w": 203,
            "thumb_360_h": 360,
            "thumb_480": "https:\/\/slack-files.com\/files-tmb\/T06F21XJ9-F06K82CAD-a3e1cccec3\/20150620_085746_480.png",
            "thumb_480_w": 270,
            "thumb_480_h": 480,
            "thumb_160": "https:\/\/slack-files.com\/files-tmb\/T06F21XJ9-F06K82CAD-a3e1cccec3\/20150620_085746_160.png",
            "thumb_720": "https:\/\/slack-files.com\/files-tmb\/T06F21XJ9-F06K82CAD-a3e1cccec3\/20150620_085746_720.png",
            "thumb_720_w": 405,
            "thumb_720_h": 720,
            "thumb_960": "https:\/\/slack-files.com\/files-tmb\/T06F21XJ9-F06K82CAD-a3e1cccec3\/20150620_085746_960.png",
            "thumb_960_w": 540,
            "thumb_960_h": 960,
            "thumb_1024": "https:\/\/slack-files.com\/files-tmb\/T06F21XJ9-F06K82CAD-a3e1cccec3\/20150620_085746_1024.png",
            "thumb_1024_w": 576,
            "thumb_1024_h": 1024,
            "image_exif_rotation": 6,
            "permalink": "https:\/\/teamegt.slack.com\/files\/jenhin\/F06K82CAD\/20150620_085746.jpg",
            "permalink_public": "https:\/\/slack-files.com\/T06F21XJ9-F06K82CAD-a2481858e9",
            "channels": [
                "C06F1SXLG"
            ],
            "groups": [],
            "ims": [],
            "comments_count": 0
        },
        "user": "U06F21XJR",
        "upload": true,
        "ts": "1434805234.000010"
    },
    {
        "type": "message",
        "user": "U06HB3LLR",
        "text": "Nice job - saw a brief demo yesterday - looking forward to AWS deployed version - thank you for all your efforts",
        "ts": "1434806875.000011"
    },
    {
        "type": "message",
        "user": "U06GU12K1",
        "text": "I've got some time this morning. Jai, are you still stuck with the Jenkins job? Let me know if you need another pair of eyes.",
        "ts": "1434807285.000012"
    },
    {
        "type": "message",
        "user": "U06HB3LLR",
        "text": "<@U06H7NYLQ>: ping from <@U06GU12K1> - I love the mobile app version of slack",
        "ts": "1434807508.000013"
    },
    {
        "type": "message",
        "user": "U06H7NYLQ",
        "text": "yoo john.stange",
        "ts": "1434809164.000014"
    },
    {
        "type": "message",
        "user": "U06H7NYLQ",
        "text": "<!everyone>: here's the link to the running app on AWS",
        "ts": "1434809757.000015"
    },
    {
        "type": "message",
        "user": "U06H7NYLQ",
        "text": "<http:\/\/gsa-fda-proto.egt-labs.com\/>",
        "ts": "1434809761.000016"
    },
    {
        "type": "message",
        "user": "U06H7NYLQ",
        "text": "<@U06GY740J>: any commit to the git repo master branch will trigger a deploy",
        "ts": "1434809781.000017"
    },
    {
        "type": "message",
        "user": "U06GSS1QB",
        "text": "<@U06H7NYLQ>: going to send you a quick email re wpress",
        "ts": "1434809788.000018"
    },
    {
        "type": "message",
        "user": "U06H7NYLQ",
        "text": "just monitor the jenkins slack room for when the job starts",
        "ts": "1434809792.000019"
    },
    {
        "type": "message",
        "user": "U06H7NYLQ",
        "text": "<@U06GSS1QB>: sure",
        "ts": "1434809795.000020"
    },
    {
        "type": "message",
        "user": "U06F21XJR",
        "text": "\/giphy celebrate",
        "attachments": [
            {
                "fallback": "giphy: <http:\/\/giphy.com\/gifs\/party-how-i-met-your-mother-applause-6nuiJjOOQBBn2>",
                "image_url": "http:\/\/media4.giphy.com\/media\/6nuiJjOOQBBn2\/giphy.gif",
                "image_width": 300,
                "image_height": 172,
                "image_bytes": 489674,
                "title": "celebrate",
                "id": 1,
                "title_link": "http:\/\/giphy.com\/gifs\/party-how-i-met-your-mother-applause-6nuiJjOOQBBn2"
            }
        ],
        "ts": "1434809833.000021"
    },
    {
        "type": "message",
        "user": "U06GU12K1",
        "text": "K, sounds like you have it under control. When you get a chance, toss me a summary mail of everything you configured in Jenkins and I'll replicate it via automation.",
        "ts": "1434809835.000022"
    },
    {
        "type": "message",
        "user": "U06F21XJR",
        "text": "awesome, <@U06H7NYLQ>",
        "ts": "1434809843.000023"
    },
    {
        "type": "message",
        "user": "U06F21XJR",
        "text": "<!everyone>: Quick reminder! We need to close out yesterday's sprint-0, now that we are in sprint-1.Please take a sec to close out your github issues in sprint-0. <https:\/\/github.com\/eGT-Labs\/egt-gsa-proto\/milestones\/Sprint-0> - Thanks!",
        "ts": "1434811543.000024"
    },
    {
        "type": "message",
        "user": "U06HB3LLR",
        "text": "<@U06H7NYLQ>: is Jenkins just doing a npm build or also deploying it to an instance that can be access via the web ? If so can you send me the URI ?",
        "ts": "1434814075.000025"
    },
    {
        "type": "message",
        "user": "U06GY740J",
        "text": "Here it is <http:\/\/gsa-fda-proto.egt-labs.com\/>",
        "ts": "1434814119.000026"
    },
    {
        "type": "message",
        "user": "U06H7NYLQ",
        "text": "It's doing the whole build and deploy workflow we talked about",
        "ts": "1434814129.000027"
    },
    {
        "type": "message",
        "user": "U06H7NYLQ",
        "text": "<http:\/\/gsa-fda-proto.egt-labs.com\/> &lt;= running app. Jenkins deploys to this machine",
        "ts": "1434814154.000028"
    },
    {
        "type": "message",
        "user": "U06GY740J",
        "text": "One thing we should probably change is to use HTTPS instead. We can then reference that we're complying with <https:\/\/https.cio.gov\/>",
        "attachments": [
            {
                "title": "The HTTPS-Only Standard",
                "title_link": "https:\/\/https.cio.gov\/",
                "text": "The American people expect government websites to be secure and their interactions with those websites to be private. All browsing activity should be considered private and sensitive. This proposed initiative would require the use of HTTPS on all publicly accessible Federal websites and web services.",
                "fallback": "The HTTPS-Only Standard",
                "from_url": "https:\/\/https.cio.gov\/",
                "id": 1
            }
        ],
        "ts": "1434814171.000029"
    },
    {
        "type": "message",
        "user": "U06H7NYLQ",
        "text": "<http:\/\/gsa-fda-proto-jenkins.egt-labs.com\/> &lt;= Jenkins machine. This is where the build job happens",
        "ts": "1434814206.000031"
    },
    {
        "type": "message",
        "user": "U06H7NYLQ",
        "text": "<@U06GY740J>: we don't have existing SSL certs that we can use",
        "ts": "1434814229.000032"
    },
    {
        "type": "message",
        "user": "U06H7NYLQ",
        "text": "We could use self signed but that will look bad (user will get that red broken https icon and some browsers won't even let you proceed to the site)",
        "ts": "1434814260.000033"
    },
    {
        "type": "message",
        "user": "U06H7NYLQ",
        "text": "We could buy a wildcard cert for *.<http:\/\/egt-labs.com|egt-labs.com> but that will be  around 400 bucks so it's Rajiv's call",
        "ts": "1434814324.000034"
    },
    {
        "type": "message",
        "user": "U06GU12K1",
        "text": "Robert may have done that, I know he was talking about it at some point. If so, we can leverage it.",
        "ts": "1434814340.000035"
    },
    {
        "type": "message",
        "user": "U06GU12K1",
        "text": "The SSL cert that is",
        "ts": "1434814366.000036"
    },
    {
        "type": "message",
        "user": "U06HB3LLR",
        "text": "Lets check with <@U06GSS1QB> he may have purchased one for eGT Labs - otherwise we can buy one - not a big deal.",
        "ts": "1434814411.000037"
    },
    {
        "type": "message",
        "subtype": "pinned_item",
        "user": "U06F21XJR",
        "item_type": "C",
        "attachments": [
            {
                "color": "D0D0D0",
                "fallback": "[June 20th, 2015 8:29 AM] eric.hanson.egt: One thing we should probably change is to use HTTPS instead. We can then reference that we're complying with <https:\/\/https.cio.gov\/>",
                "author_subname": "eric.hanson.egt",
                "ts": 1434814171,
                "text": "One thing we should probably change is to use HTTPS instead. We can then reference that we're complying with <https:\/\/https.cio.gov\/>",
                "author_link": "https:\/\/teamegt.slack.com\/team\/eric.hanson.egt",
                "author_icon": "https:\/\/secure.gravatar.com\/avatar\/1faf278c0b41fbd32819c268d3ef324f.jpg?s=48&d=https%3A%2F%2Fslack.global.ssl.fastly.net%2F3654%2Fimg%2Favatars%2Fava_0017-48.png",
                "mrkdwn_in": [
                    "text"
                ]
            }
        ],
        "text": "<@U06F21XJR|jenhin> pinned a message to this channel.",
        "ts": "1434815200.000038"
    },
    {
        "user": "U06KB0ZFY",
        "type": "message",
        "subtype": "channel_join",
        "text": "<@U06KB0ZFY|pgrady> has joined the channel",
        "ts": "1434818730.000039"
    },
    {
        "type": "message",
        "user": "U06GSS1QB",
        "text": "<@U06GU12K1>, <@U06HB3LLR> : we have an eGT Labs wildcard certificate.  Find it in the eGT Labs prod account in S3:  \/egt-labs-clef\/egt-Labs-Certificate in a variety of forms.",
        "ts": "1434819064.000040"
    },
    {
        "type": "message",
        "user": "U06GSS1QB",
        "text": "<!everyone>: we have an eGT Labs wildcard certificate.  Find it in the eGT Labs prod account in S3:  \/egt-labs-clef\/egt-Labs-Certificate in a variety of forms",
        "ts": "1434819094.000041"
    },
    {
        "type": "message",
        "user": "U06GSS1QB",
        "text": "<@U06H7NYLQ>: Hey Jai ... any reason the wp appserver has an EIP, since there's an ELB?",
        "ts": "1434824492.000042"
    },
    {
        "type": "message",
        "user": "U06F21XJR",
        "text": "<https:\/\/join.me\/teamegtgsa>",
        "attachments": [
            {
                "text": "Free, simple, fast online meetings. Share your screen instantly with anyone.",
                "fallback": "Free, simple, fast online meetings. Share your screen instantly with anyone.",
                "from_url": "https:\/\/join.me\/teamegtgsa",
                "id": 1
            }
        ],
        "ts": "1434826931.000043"
    },
    {
        "type": "message",
        "user": "U06GSS1QB",
        "text": "<@U06F21XJR> is there a new URL to the new display, or is egt-gsa-proto right?  I can't show JSON on detail...",
        "ts": "1434838956.000045"
    },
    {
        "type": "message",
        "user": "U06GY740J",
        "text": "can you double check",
        "ts": "1434839065.000046"
    },
    {
        "type": "message",
        "user": "U06GY740J",
        "text": "I just tested on this screen and it seems to work fine: <http:\/\/gsa-fda-proto.egt-labs.com\/label\/e225144b-e9d6-439f-8785-01bdb350a080>",
        "ts": "1434839078.000047"
    },
    {
        "type": "message",
        "user": "U06GY740J",
        "text": "you do have to deliberately scroll down to see it",
        "ts": "1434839099.000048"
    },
    {
        "type": "message",
        "user": "U06GSS1QB",
        "text": "aaaah, thassit.  Thanks.  Not sure what we can do about that, but it fooled me.",
        "ts": "1434839139.000049"
    },
    {
        "type": "message",
        "user": "U06GU12K1",
        "text": "I have some knucklehead JQuery for that somewhere...",
        "ts": "1434839153.000050"
    },
    {
        "type": "message",
        "user": "U06GY740J",
        "text": "the whole UI for that screen will presumable be reworked in a sprint or two. No need to tweak it now.",
        "ts": "1434839187.000051"
    },
    {
        "type": "message",
        "subtype": "file_share",
        "text": "<@U06F21XJR|jenhin> uploaded a file: <https:\/\/teamegt.slack.com\/files\/jenhin\/F06KFSNQ1\/20150620_185959.jpg|Sprint-1 feedback summary page mockup> and commented: Adding to github with details!",
        "file": {
            "id": "F06KFSNQ1",
            "created": 1434841362,
            "timestamp": 1434841362,
            "name": "20150620_185959.jpg",
            "title": "Sprint-1 feedback summary page mockup",
            "mimetype": "image\/jpeg",
            "filetype": "jpg",
            "pretty_type": "JPEG",
            "user": "U06F21XJR",
            "editable": false,
            "size": 3678833,
            "mode": "hosted",
            "is_external": false,
            "external_type": "",
            "is_public": true,
            "public_url_shared": false,
            "url": "https:\/\/slack-files.com\/files-pub\/T06F21XJ9-F06KFSNQ1-2f383f1da9\/20150620_185959.jpg",
            "url_download": "https:\/\/slack-files.com\/files-pub\/T06F21XJ9-F06KFSNQ1-2f383f1da9\/download\/20150620_185959.jpg",
            "url_private": "https:\/\/files.slack.com\/files-pri\/T06F21XJ9-F06KFSNQ1\/20150620_185959.jpg",
            "url_private_download": "https:\/\/files.slack.com\/files-pri\/T06F21XJ9-F06KFSNQ1\/download\/20150620_185959.jpg",
            "thumb_64": "https:\/\/slack-files.com\/files-tmb\/T06F21XJ9-F06KFSNQ1-d8f68a4963\/20150620_185959_64.png",
            "thumb_80": "https:\/\/slack-files.com\/files-tmb\/T06F21XJ9-F06KFSNQ1-d8f68a4963\/20150620_185959_80.png",
            "thumb_360": "https:\/\/slack-files.com\/files-tmb\/T06F21XJ9-F06KFSNQ1-d8f68a4963\/20150620_185959_360.png",
            "thumb_360_w": 203,
            "thumb_360_h": 360,
            "thumb_480": "https:\/\/slack-files.com\/files-tmb\/T06F21XJ9-F06KFSNQ1-d8f68a4963\/20150620_185959_480.png",
            "thumb_480_w": 270,
            "thumb_480_h": 480,
            "thumb_160": "https:\/\/slack-files.com\/files-tmb\/T06F21XJ9-F06KFSNQ1-d8f68a4963\/20150620_185959_160.png",
            "thumb_720": "https:\/\/slack-files.com\/files-tmb\/T06F21XJ9-F06KFSNQ1-d8f68a4963\/20150620_185959_720.png",
            "thumb_720_w": 405,
            "thumb_720_h": 720,
            "thumb_960": "https:\/\/slack-files.com\/files-tmb\/T06F21XJ9-F06KFSNQ1-d8f68a4963\/20150620_185959_960.png",
            "thumb_960_w": 540,
            "thumb_960_h": 960,
            "thumb_1024": "https:\/\/slack-files.com\/files-tmb\/T06F21XJ9-F06KFSNQ1-d8f68a4963\/20150620_185959_1024.png",
            "thumb_1024_w": 576,
            "thumb_1024_h": 1024,
            "image_exif_rotation": 6,
            "permalink": "https:\/\/teamegt.slack.com\/files\/jenhin\/F06KFSNQ1\/20150620_185959.jpg",
            "permalink_public": "https:\/\/slack-files.com\/T06F21XJ9-F06KFSNQ1-2f383f1da9",
            "channels": [
                "C06F1SXLG"
            ],
            "groups": [],
            "ims": [],
            "comments_count": 1,
            "initial_comment": {
                "id": "Fc06KFT1L3",
                "created": 1434841380,
                "timestamp": 1434841380,
                "user": "U06F21XJR",
                "comment": "Adding to github with details!"
            }
        },
        "user": "U06F21XJR",
        "upload": true,
        "ts": "1434841380.000052"
    },
    {
        "type": "message",
        "user": "U06GY740J",
        "text": "Currently implemented flow for adverse events: \"Search for drug label\" --&gt; \"Label detail screen\" --&gt; \"Substance adverse event\" &lt;-----&gt; \"Symptom adverse event\"",
        "ts": "1434859787.000053"
    },
    {
        "type": "message",
        "user": "U06GY740J",
        "text": "Substance screen: <http:\/\/gsa-fda-proto.egt-labs.com\/event\/substance\/ACETAMINOPHEN>",
        "ts": "1434859812.000054"
    },
    {
        "type": "message",
        "user": "U06GY740J",
        "text": "Symptom screen: <http:\/\/gsa-fda-proto.egt-labs.com\/event\/symptom\/RENAL%20FAILURE%20ACUTE>",
        "ts": "1434859830.000055"
    }
]