[
    {
        "type": "message",
        "user": "U06GSS1QB",
        "text": "<@U06GY740J>: Looks like problem with docker fixed with new build.  WIll keep testing",
        "ts": "1435319563.000267"
    },
    {
        "type": "message",
        "user": "U06GSS1QB",
        "text": "<@U06FLV9PA>: can you clarify your comment on selenium?",
        "ts": "1435319884.000268"
    },
    {
        "type": "message",
        "user": "U06FLV9PA",
        "text": "The configuration file I pointed to contains a hard coded reference to where it expects the jar for selenium. It may be in a different place. Did you run gulp e2e:update first? that's what puts that jar there",
        "edited": {
            "user": "U06FLV9PA",
            "ts": "1435321000.000000"
        },
        "ts": "1435320958.000269"
    },
    {
        "type": "message",
        "user": "U06GSS1QB",
        "text": "No!  That's not in the list of local isntructions, and probably should be.  Will try it",
        "ts": "1435321085.000271"
    },
    {
        "type": "message",
        "user": "U06GSS1QB",
        "text": "New and better eror: OPEN_FDA_API_KEY environment variable is set\n[launcher] Running 1 instances of WebDriver\n[launcher] Process exited with error code 1\n\nevents.js:72\n        throw er; \/\/ Unhandled 'error' event\n              ^\nError: spawn ENOENT\n    at errnoException (child_process.js:1011:11)\n    at Process.ChildProcess._handle.onexit (child_process.js:802:34)\n[12:19:52] protractor exited with code 8\n[root@2a994f07d84b egt-gsa-proto]#",
        "ts": "1435321222.000272"
    },
    {
        "type": "message",
        "user": "U06FLV9PA",
        "text": "<https:\/\/github.com\/angular\/protractor\/issues\/259>",
        "attachments": [
            {
                "service_name": "GitHub",
                "title": "Obscure error after selenium jar updated \u00b7 Issue #259 \u00b7 angular\/protractor \u00b7 GitHub",
                "title_link": "https:\/\/github.com\/angular\/protractor\/issues\/259",
                "text": "I use the included install script for the standalone selenium server and chromedriver. Recently this changed the version of selenium to selenium-server-standalone-2.37.0.jar (35 =&gt; 37). In my conf...",
                "fallback": "GitHub: Obscure error after selenium jar updated \u00b7 Issue #259 \u00b7 angular\/protractor",
                "thumb_url": "https:\/\/avatars3.githubusercontent.com\/u\/810327?v=3&s=400",
                "from_url": "https:\/\/github.com\/angular\/protractor\/issues\/259",
                "thumb_width": 400,
                "thumb_height": 400,
                "id": 1
            }
        ],
        "ts": "1435321576.000273"
    },
    {
        "type": "message",
        "user": "U06FLV9PA",
        "text": "This suggests that the error is a more obscure way of saying the jar doesn't exist as expected",
        "edited": {
            "user": "U06FLV9PA",
            "ts": "1435321733.000000"
        },
        "ts": "1435321694.000275"
    },
    {
        "type": "message",
        "user": "U06GSS1QB",
        "text": "Oh.  Well, until resolved they won't be able to run the tests in the docker container.  Which may or may not matter ...",
        "ts": "1435321813.000277"
    },
    {
        "type": "message",
        "user": "U06FLV9PA",
        "text": "Right, it's more important that jenkins can build our tests",
        "ts": "1435321931.000278"
    }
]