[
    {
        "type": "message",
        "user": "U06FLV9PA",
        "text": "<@U06F25KCP>: could you invite John Karau to the backlog grooming",
        "ts": "1435070042.000167"
    },
    {
        "type": "message",
        "user": "U06F25KCP",
        "text": "Sure",
        "ts": "1435070189.000168"
    },
    {
        "user": "U06MW9GA2",
        "type": "message",
        "subtype": "channel_join",
        "text": "<@U06MW9GA2|jkarau> has joined the channel",
        "ts": "1435070854.000169"
    },
    {
        "type": "message",
        "user": "U06GY740J",
        "text": "<@U06H7NYLQ>: <@U06GU12K1>  The app has been updated to allow us to start using API keys",
        "ts": "1435077718.000170"
    },
    {
        "type": "message",
        "user": "U06GY740J",
        "text": "See details of this commit: <https:\/\/github.com\/eGT-Labs\/egt-gsa-proto\/commit\/de17106be084146aa2d6b2862862836008fde51d>",
        "ts": "1435077726.000171"
    },
    {
        "type": "message",
        "user": "U06GY740J",
        "text": "Need to update the deploy to set the OPEN_FDA_API_KEY  enviornment variable",
        "ts": "1435077752.000172"
    },
    {
        "type": "message",
        "user": "U06GY740J",
        "text": "They generate API keys instantly using this form: <https:\/\/open.fda.gov\/api\/reference\/#your-api-key>",
        "ts": "1435077842.000173"
    },
    {
        "type": "message",
        "user": "U06GU12K1",
        "text": "Clarify for me: Do you want us to generate a key and set OPEN_FDA_API_KEY to that, set it to a value you've got specified somewhere, or set it to something else entirely?",
        "ts": "1435078163.000174"
    },
    {
        "type": "message",
        "user": "U06GU12K1",
        "text": "Also, will I disrupt your work if I set about deploying a new stack with the last day's infrastructure enhancements? Some downtime for the public service will be involved, though not much unless I screw something up.",
        "ts": "1435078254.000175"
    },
    {
        "type": "message",
        "user": "U06GU12K1",
        "text": "(probably just a few seconds)",
        "ts": "1435078261.000176"
    },
    {
        "type": "message",
        "user": "U06GU12K1",
        "text": "<@U06F21XJR>: Can you invite Alfred Kwentua to Slack as well?",
        "ts": "1435079667.000177"
    },
    {
        "type": "message",
        "user": "U06GU12K1",
        "text": "Or maybe someone else is dealing with it",
        "ts": "1435079725.000178"
    },
    {
        "user": "U06N32XTM",
        "type": "message",
        "subtype": "channel_join",
        "text": "<@U06N32XTM|alfred.kwentua> has joined the channel",
        "ts": "1435079899.000179"
    },
    {
        "type": "message",
        "user": "U06GU12K1",
        "text": "That's parallel builds working on multiple back-end app servers, in case anyone's wondering about the Jenkins noise I'm making",
        "ts": "1435086902.000180"
    },
    {
        "type": "message",
        "user": "U06MW9GA2",
        "text": "I have provided some input to testing thread, can someone let me know if I am moving in right direction?",
        "ts": "1435087009.000181"
    },
    {
        "type": "message",
        "user": "U06GU12K1",
        "text": "<@U06GY740J>: I generated an app key of my own and dropped it into the recipe, for now. I want to switch the public names to this new stack I'm building that has the https and other advanced behavior. Will that disrupt you or <@U06FG8ZR8> or can I just go ahead?",
        "ts": "1435087636.000182"
    },
    {
        "type": "message",
        "user": "U06GU12K1",
        "text": "I guess it <@U06MW9GA2> is actively testing that could stall him. Anyone else?",
        "ts": "1435087653.000183"
    },
    {
        "type": "message",
        "user": "U06GU12K1",
        "text": "*if",
        "ts": "1435087658.000184"
    },
    {
        "type": "message",
        "user": "U06GU12K1",
        "text": "<@U06GY740J> and <@U06FG8ZR8> : Here's what I plan to move to. If it looks fine to you, I'll switch over DNS. <https:\/\/fdaproto-dev-th-app-m84-39724406.us-east-1.elb.amazonaws.com\/>",
        "ts": "1435088929.000185"
    },
    {
        "type": "message",
        "user": "U06GU12K1",
        "text": "<https:\/\/egt-gsa-catalyst.egt-labs.com> and <https:\/\/egt-gsa-catalyst-jenkins.egt-labs.com>",
        "ts": "1435093457.000186"
    },
    {
        "type": "message",
        "user": "U06GU12K1",
        "text": "The latter probably doesn't even need a public face anymore, we may want to consider locking it off",
        "ts": "1435093472.000187"
    },
    {
        "type": "message",
        "user": "U06F25KCP",
        "text": "Reference: <http:\/\/desktoppub.about.com\/od\/webdesign\/a\/Colophon-Web-Pages.htm>",
        "attachments": [
            {
                "service_name": "About.com Tech",
                "title": "Colophon: Your Technical Specs",
                "title_link": "http:\/\/desktoppub.about.com\/od\/webdesign\/a\/Colophon-Web-Pages.htm",
                "text": "The Web borrows heavily from print, including the colophon.",
                "fallback": "About.com Tech: Colophon: Your Technical Specs",
                "thumb_url": "http:\/\/f.tqn.com\/y\/default\/autos\/S\/82876023.jpg",
                "from_url": "http:\/\/desktoppub.about.com\/od\/webdesign\/a\/Colophon-Web-Pages.htm",
                "thumb_width": 640,
                "thumb_height": 431,
                "id": 1
            }
        ],
        "ts": "1435094087.000188"
    },
    {
        "type": "message",
        "user": "U06F25KCP",
        "text": "<http:\/\/www.webstandards.org\/about\/colophon\/>",
        "attachments": [
            {
                "text": "The Web Standards Project is a grassroots coalition fighting for standards which ensure simple, affordable access to web technologies for all.",
                "fallback": "The Web Standards Project is a grassroots coalition fighting for standards which ensure simple, affordable access to web technologies for all.",
                "from_url": "http:\/\/www.webstandards.org\/about\/colophon\/",
                "id": 1
            }
        ],
        "ts": "1435094196.000190"
    },
    {
        "type": "message",
        "user": "U06F25KCP",
        "text": "Catalyst README - <https:\/\/docs.google.com\/document\/d\/1rsMgI7T0Co8_mLwz9lpWkS20lLzO9Cv9JXpS0uJTY98\/edit>",
        "ts": "1435094278.000192"
    },
    {
        "type": "message",
        "user": "U06GU12K1",
        "text": "Oh, and before I disappear, the architecture diagram: <https:\/\/drive.google.com\/open?id=0B0GOYgX0tnJKZGc2WDNXSE5hT0U&amp;authuser=0>",
        "ts": "1435094681.000193"
    },
    {
        "type": "message",
        "subtype": "file_share",
        "text": "<@U06GU12K1|john.stange> shared a file: <https:\/\/teamegt.slack.com\/files\/john.stange\/F06NFQD5E\/gsa-fda-proto.pptx|gsa-fda-proto.pptx>",
        "file": {
            "id": "F06NFQD5E",
            "created": 1435094696,
            "timestamp": 1435094696,
            "name": "gsa-fda-proto.pptx",
            "title": "gsa-fda-proto.pptx",
            "mimetype": "application\/vnd.openxmlformats-officedocument.presentationml.presentation",
            "filetype": "pptx",
            "pretty_type": "PowerPoint Presentation",
            "user": "U06GU12K1",
            "editable": false,
            "size": 215343,
            "mode": "external",
            "is_external": true,
            "external_type": "unknown",
            "is_public": true,
            "public_url_shared": false,
            "url": "https:\/\/drive.google.com\/file\/d\/0B0GOYgX0tnJKZGc2WDNXSE5hT0U\/edit?usp=drivesdk",
            "url_private": "https:\/\/drive.google.com\/file\/d\/0B0GOYgX0tnJKZGc2WDNXSE5hT0U\/edit?usp=drivesdk",
            "permalink": "https:\/\/teamegt.slack.com\/files\/john.stange\/F06NFQD5E\/gsa-fda-proto.pptx",
            "channels": [
                "C06F1SXLG"
            ],
            "groups": [],
            "ims": [],
            "comments_count": 0
        },
        "user": "U06GU12K1",
        "upload": false,
        "ts": "1435094697.000194"
    },
    {
        "type": "message",
        "user": "U06GY740J",
        "text": "I get the sense for this proposal, it would play better with the customer if our \"polishing up the graphics\" state was transcribing them onto whiteboards and photographing that.  thoughts?",
        "ts": "1435095626.000195"
    },
    {
        "type": "message",
        "subtype": "file_share",
        "text": "<@U06GU12K1|john.stange> shared a file: <https:\/\/teamegt.slack.com\/files\/john.stange\/F06NT7M6F\/monitoring_screenshot.png|Monitoring screenshot.png>",
        "file": {
            "id": "F06NT7M6F",
            "created": 1435116501,
            "timestamp": 1435116501,
            "name": "Monitoring screenshot.png",
            "title": "Monitoring screenshot.png",
            "mimetype": "image\/png",
            "filetype": "png",
            "pretty_type": "PNG",
            "user": "U06GU12K1",
            "editable": false,
            "size": 263188,
            "mode": "external",
            "is_external": true,
            "external_type": "unknown",
            "is_public": true,
            "public_url_shared": false,
            "url": "https:\/\/drive.google.com\/file\/d\/0B0GOYgX0tnJKNThMTEpvQnJvMzA\/edit?usp=drivesdk",
            "url_private": "https:\/\/drive.google.com\/file\/d\/0B0GOYgX0tnJKNThMTEpvQnJvMzA\/edit?usp=drivesdk",
            "thumb_64": "https:\/\/slack-files.com\/files-tmb\/T06F21XJ9-F06NT7M6F-63742c8ab1\/monitoring_screenshot_64.png",
            "thumb_80": "https:\/\/slack-files.com\/files-tmb\/T06F21XJ9-F06NT7M6F-63742c8ab1\/monitoring_screenshot_80.png",
            "thumb_360": "https:\/\/slack-files.com\/files-tmb\/T06F21XJ9-F06NT7M6F-63742c8ab1\/monitoring_screenshot_360.png",
            "thumb_360_w": 360,
            "thumb_360_h": 161,
            "thumb_480": "https:\/\/slack-files.com\/files-tmb\/T06F21XJ9-F06NT7M6F-63742c8ab1\/monitoring_screenshot_480.png",
            "thumb_480_w": 480,
            "thumb_480_h": 215,
            "thumb_160": "https:\/\/slack-files.com\/files-tmb\/T06F21XJ9-F06NT7M6F-63742c8ab1\/monitoring_screenshot_160.png",
            "thumb_720": "https:\/\/slack-files.com\/files-tmb\/T06F21XJ9-F06NT7M6F-63742c8ab1\/monitoring_screenshot_720.png",
            "thumb_720_w": 720,
            "thumb_720_h": 323,
            "thumb_960": "https:\/\/slack-files.com\/files-tmb\/T06F21XJ9-F06NT7M6F-63742c8ab1\/monitoring_screenshot_960.png",
            "thumb_960_w": 960,
            "thumb_960_h": 430,
            "thumb_1024": "https:\/\/slack-files.com\/files-tmb\/T06F21XJ9-F06NT7M6F-63742c8ab1\/monitoring_screenshot_1024.png",
            "thumb_1024_w": 1024,
            "thumb_1024_h": 459,
            "image_exif_rotation": 1,
            "permalink": "https:\/\/teamegt.slack.com\/files\/john.stange\/F06NT7M6F\/monitoring_screenshot.png",
            "channels": [
                "C06F1SXLG"
            ],
            "groups": [],
            "ims": [],
            "comments_count": 0,
            "num_stars": 1
        },
        "user": "U06GU12K1",
        "upload": false,
        "ts": "1435116507.000197"
    },
    {
        "type": "message",
        "user": "U06GU12K1",
        "text": "^ Monitoring UI screenshot. Mu does all that automatically as part of the deployment recipes and its base feature set.",
        "ts": "1435116613.000199"
    }
]