[
    {
        "user": "U06F21XJR",
        "type": "message",
        "subtype": "channel_join",
        "text": "<@U06F21XJR|jenhin> has joined the channel",
        "ts": "1434550875.887981"
    },
    {
        "type": "message",
        "user": "U06F21XJR",
        "text": "<https:\/\/open.fda.gov\/update\/an-open-challenge-to-tap-public-data\/>",
        "ts": "1434551095.000004"
    },
    {
        "user": "U06F25KCP",
        "type": "message",
        "subtype": "channel_join",
        "text": "<@U06F25KCP|eldrew> has joined the channel",
        "ts": "1434551104.000005"
    },
    {
        "user": "U06F27T8C",
        "type": "message",
        "subtype": "channel_join",
        "text": "<@U06F27T8C|sheyaml> has joined the channel",
        "ts": "1434551223.000006"
    },
    {
        "type": "message",
        "user": "U06F21XJR",
        "text": "<https:\/\/twitter.com\/openFDA\/followers>",
        "attachments": [
            {
                "text": "Welcome back to Twitter. Sign in now to check your notifications, join the conversation and catch up on Tweets from the people you follow.",
                "fallback": "Welcome back to Twitter. Sign in now to check your notifications, join the conversation and catch up on Tweets from the people you follow.",
                "from_url": "https:\/\/twitter.com\/openFDA\/followers",
                "id": 1
            }
        ],
        "ts": "1434551312.000007"
    },
    {
        "type": "message",
        "user": "U06F27T8C",
        "text": "<http:\/\/www.fda.gov\/AboutFDA\/Transparency\/OpenGovernment\/default.htm> some data sets, but not all",
        "ts": "1434553210.000018"
    },
    {
        "type": "message",
        "user": "U06F27T8C",
        "text": "<http:\/\/www.ibmbigdatahub.com\/blog\/exploring-public-open-data-project-part-1>",
        "attachments": [
            {
                "title": "Exploring a Public Open Data Project: Part 1",
                "title_link": "http:\/\/www.ibmbigdatahub.com\/blog\/exploring-public-open-data-project-part-1",
                "text": "Get acquainted with the openFDA project and its opportunities for data scientists and research",
                "fallback": "Exploring a Public Open Data Project: Part 1",
                "from_url": "http:\/\/www.ibmbigdatahub.com\/blog\/exploring-public-open-data-project-part-1",
                "id": 1
            }
        ],
        "ts": "1434553674.000019"
    },
    {
        "type": "message",
        "user": "U06F21XJR",
        "text": "<http:\/\/api.fda.gov\/drug\/event.json>",
        "ts": "1434553953.000021"
    },
    {
        "type": "message",
        "user": "U06F21XJR",
        "text": "\" The FAERS database contains information on adverse events and medication error reports submitted to the FDA. Patients, drug companies, and medical professionals submit a report to the FDA when a patient has an undesirable experience after using a medical product, such as serious drug side effects, product use errors, and product quality problems\" from the article",
        "ts": "1434555509.000024"
    },
    {
        "type": "message",
        "user": "U06F21XJR",
        "text": "<http:\/\/api.fda.gov\/drug\/label|api.fda.gov\/drug\/label>",
        "ts": "1434558209.000027"
    },
    {
        "type": "message",
        "user": "U06F21XJR",
        "text": "<http:\/\/api.fda.gov\/drug\/event|api.fda.gov\/drug\/event>",
        "ts": "1434558216.000028"
    },
    {
        "type": "message",
        "user": "U06F21XJR",
        "text": "<http:\/\/api.fda.gov\/drug\/enforcement|api.fda.gov\/drug\/enforcement>",
        "ts": "1434558227.000029"
    },
    {
        "type": "message",
        "user": "U06F21XJR",
        "text": "<http:\/\/api.fda.gov\/drug\/event.json>",
        "ts": "1434558275.000030"
    },
    {
        "type": "message",
        "user": "U06F21XJR",
        "text": "<https:\/\/support.google.com\/chrome\/answer\/95346?hl=en>",
        "attachments": [
            {
                "text": "Google Chrome is a free web browser that takes just seconds to install. It's available for Windows, Mac, and Linux computers. You can also install Google Chrome on your Android or iOS device.",
                "fallback": "Google Chrome is a free web browser that takes just seconds to install. It's available for Windows, Mac, and Linux computers. You can also install Google Chrome on your Android or iOS device.",
                "from_url": "https:\/\/support.google.com\/chrome\/answer\/95346?hl=en",
                "id": 1
            }
        ],
        "ts": "1434558364.000031"
    },
    {
        "type": "message",
        "user": "U06F21XJR",
        "text": "Misleading and conflicting reports currently exist about this effort. Since the launch of the openFDA initiative in June 2014, there have been many articles, blog posts, and reports published with inaccurate and misleading information about the FAERS database. End users should keep this information in mind when reading articles or referencing Internet resources.",
        "ts": "1434559232.000033"
    },
    {
        "type": "message",
        "user": "U06F21XJR",
        "text": "just an fyi- to be sure to include a disclaimer statement of some kind",
        "ts": "1434559249.000034"
    },
    {
        "type": "message",
        "user": "U06F21XJR",
        "text": "<https:\/\/open.fda.gov\/data\/>\nChannel Info\nAbout This Channel\nPinned Items\n1\/1 Member",
        "ts": "1434559410.000035"
    },
    {
        "type": "message",
        "user": "U06F21XJR",
        "text": "<https:\/\/open.fda.gov\/update\/openfda-provides-ready-access-to-recall-data\/>",
        "ts": "1434560137.000043"
    },
    {
        "type": "message",
        "user": "U06F21XJR",
        "text": "<https:\/\/open.fda.gov\/update\/providing-easy-access-to-medical-device-reports\/>",
        "ts": "1434560151.000044"
    },
    {
        "type": "message",
        "user": "U06F21XJR",
        "text": "<https:\/\/open.fda.gov\/update\/drug-product-labeling\/>",
        "ts": "1434560161.000045"
    },
    {
        "type": "message",
        "subtype": "file_share",
        "text": "<@U06F27T8C|sheyaml> uploaded a file: <https:\/\/teamegt.slack.com\/files\/sheyaml\/F06FBG2MN\/data_headers.docx|Data headers.docx> and commented: From json files, at least as I understand them",
        "file": {
            "id": "F06FBG2MN",
            "created": 1434560560,
            "timestamp": 1434560560,
            "name": "Data headers.docx",
            "title": "Data headers.docx",
            "mimetype": "application\/vnd.openxmlformats-officedocument.wordprocessingml.document",
            "filetype": "docx",
            "pretty_type": "Word Document",
            "user": "U06F27T8C",
            "editable": false,
            "size": 13636,
            "mode": "hosted",
            "is_external": false,
            "external_type": "",
            "is_public": true,
            "public_url_shared": false,
            "url": "https:\/\/slack-files.com\/files-pub\/T06F21XJ9-F06FBG2MN-62ccca5649\/data_headers.docx",
            "url_download": "https:\/\/slack-files.com\/files-pub\/T06F21XJ9-F06FBG2MN-62ccca5649\/download\/data_headers.docx",
            "url_private": "https:\/\/files.slack.com\/files-pri\/T06F21XJ9-F06FBG2MN\/data_headers.docx",
            "url_private_download": "https:\/\/files.slack.com\/files-pri\/T06F21XJ9-F06FBG2MN\/download\/data_headers.docx",
            "permalink": "https:\/\/teamegt.slack.com\/files\/sheyaml\/F06FBG2MN\/data_headers.docx",
            "permalink_public": "https:\/\/slack-files.com\/T06F21XJ9-F06FBG2MN-62ccca5649",
            "channels": [
                "C06F1SXLG"
            ],
            "groups": [],
            "ims": [],
            "comments_count": 2,
            "initial_comment": {
                "id": "Fc06FBL8P7",
                "created": 1434560561,
                "timestamp": 1434560561,
                "user": "U06F27T8C",
                "comment": "From json files, at least as I understand them"
            }
        },
        "user": "U06F27T8C",
        "upload": true,
        "ts": "1434560561.000046"
    },
    {
        "user": "U06FG8ZR8",
        "type": "message",
        "subtype": "channel_join",
        "text": "<@U06FG8ZR8|mpandurangi> has joined the channel",
        "ts": "1434565624.000047"
    },
    {
        "type": "message",
        "subtype": "file_share",
        "text": "<@U06F21XJR|jenhin> shared a file: <https:\/\/teamegt.slack.com\/files\/jenhin\/F06FGB42X\/proposalteam-sheet1|Proposal Team>",
        "file": {
            "id": "F06FGB42X",
            "created": 1434565750,
            "timestamp": 1434565750,
            "name": "ProposalTeam-Sheet1",
            "title": "Proposal Team",
            "mimetype": "application\/vnd.google-apps.spreadsheet",
            "filetype": "gsheet",
            "pretty_type": "GDocs Spreadsheet",
            "user": "U06F21XJR",
            "editable": false,
            "size": 207,
            "mode": "external",
            "is_external": true,
            "external_type": "gdrive",
            "is_public": true,
            "public_url_shared": false,
            "url": "https:\/\/docs.google.com\/spreadsheets\/d\/1bk4k75VzzViffx74wMhpYN06AGzhb31ipTmC1IDoRRs\/edit?usp=drivesdk",
            "url_private": "https:\/\/docs.google.com\/spreadsheets\/d\/1bk4k75VzzViffx74wMhpYN06AGzhb31ipTmC1IDoRRs\/edit?usp=drivesdk",
            "thumb_64": "https:\/\/slack.global.ssl.fastly.net\/272a\/img\/files\/gsheet_64.png",
            "thumb_360": "https:\/\/slack.global.ssl.fastly.net\/35fd\/img\/files\/gsheet_360.png",
            "thumb_360_w": 360,
            "thumb_360_h": 167,
            "permalink": "https:\/\/teamegt.slack.com\/files\/jenhin\/F06FGB42X\/proposalteam-sheet1",
            "channels": [
                "C06F1SXLG"
            ],
            "groups": [],
            "ims": [],
            "comments_count": 0
        },
        "user": "U06F21XJR",
        "upload": false,
        "ts": "1434565751.000049"
    },
    {
        "type": "message",
        "user": "U06F21XJR",
        "text": "<!everyone>:  can you add your name into the spreadsheet?",
        "ts": "1434565787.000051"
    },
    {
        "user": "U06FLV9PA",
        "type": "message",
        "subtype": "channel_join",
        "text": "<@U06FLV9PA|zach> has joined the channel",
        "ts": "1434570934.000052"
    },
    {
        "type": "message",
        "subtype": "file_share",
        "text": "<@U06F21XJR|jenhin> shared a file: <https:\/\/teamegt.slack.com\/files\/jenhin\/F06FMHXDG\/attachmenteapproachcriteriaevidence-v1.xlsx-designpoolevidence|Attachment E Approach Criteria Evidence -v1.xlsx>",
        "file": {
            "id": "F06FMHXDG",
            "created": 1434571514,
            "timestamp": 1434571514,
            "name": "AttachmentEApproachCriteriaEvidence-v1.xlsx-designpoolevidence",
            "title": "Attachment E Approach Criteria Evidence -v1.xlsx",
            "mimetype": "application\/vnd.google-apps.spreadsheet",
            "filetype": "gsheet",
            "pretty_type": "GDocs Spreadsheet",
            "user": "U06F21XJR",
            "editable": false,
            "size": 1015,
            "mode": "external",
            "is_external": true,
            "external_type": "gdrive",
            "is_public": true,
            "public_url_shared": false,
            "url": "https:\/\/docs.google.com\/spreadsheets\/d\/1KJY8iLivTwiEtC5tIEhmVM2wXNnhWfeXC8FUKsKluLo\/edit?usp=drivesdk",
            "url_private": "https:\/\/docs.google.com\/spreadsheets\/d\/1KJY8iLivTwiEtC5tIEhmVM2wXNnhWfeXC8FUKsKluLo\/edit?usp=drivesdk",
            "thumb_64": "https:\/\/slack.global.ssl.fastly.net\/272a\/img\/files\/gsheet_64.png",
            "thumb_360": "https:\/\/slack.global.ssl.fastly.net\/35fd\/img\/files\/gsheet_360.png",
            "thumb_360_w": 360,
            "thumb_360_h": 167,
            "permalink": "https:\/\/teamegt.slack.com\/files\/jenhin\/F06FMHXDG\/attachmenteapproachcriteriaevidence-v1.xlsx-designpoolevidence",
            "channels": [
                "C06F1SXLG"
            ],
            "groups": [],
            "ims": [],
            "comments_count": 0,
            "pinned_to": [
                "C06F1SXLG"
            ]
        },
        "user": "U06F21XJR",
        "upload": false,
        "ts": "1434571514.000054"
    },
    {
        "type": "message",
        "subtype": "pinned_item",
        "user": "U06F25KCP",
        "item_type": "F",
        "text": "<@U06F25KCP|eldrew> pinned <@U06F21XJR|jenhin>'s GDocs Spreadsheet <https:\/\/teamegt.slack.com\/files\/jenhin\/F06FMHXDG\/attachmenteapproachcriteriaevidence-v1.xlsx-designpoolevidence|Attachment E Approach Criteria Evidence -v1.xlsx> to this channel.",
        "item": {
            "id": "F06FMHXDG",
            "created": 1434571514,
            "timestamp": 1434571514,
            "name": "AttachmentEApproachCriteriaEvidence-v1.xlsx-designpoolevidence",
            "title": "Attachment E Approach Criteria Evidence -v1.xlsx",
            "mimetype": "application\/vnd.google-apps.spreadsheet",
            "filetype": "gsheet",
            "pretty_type": "GDocs Spreadsheet",
            "user": "U06F21XJR",
            "editable": false,
            "size": 1015,
            "mode": "external",
            "is_external": true,
            "external_type": "gdrive",
            "is_public": true,
            "public_url_shared": false,
            "url": "https:\/\/docs.google.com\/spreadsheets\/d\/1KJY8iLivTwiEtC5tIEhmVM2wXNnhWfeXC8FUKsKluLo\/edit?usp=drivesdk",
            "url_private": "https:\/\/docs.google.com\/spreadsheets\/d\/1KJY8iLivTwiEtC5tIEhmVM2wXNnhWfeXC8FUKsKluLo\/edit?usp=drivesdk",
            "thumb_64": "https:\/\/slack.global.ssl.fastly.net\/272a\/img\/files\/gsheet_64.png",
            "thumb_360": "https:\/\/slack.global.ssl.fastly.net\/35fd\/img\/files\/gsheet_360.png",
            "thumb_360_w": 360,
            "thumb_360_h": 167,
            "permalink": "https:\/\/teamegt.slack.com\/files\/jenhin\/F06FMHXDG\/attachmenteapproachcriteriaevidence-v1.xlsx-designpoolevidence",
            "channels": [
                "C06F1SXLG"
            ],
            "groups": [],
            "ims": [],
            "comments_count": 0,
            "pinned_to": [
                "C06F1SXLG"
            ]
        },
        "ts": "1434571553.000056"
    },
    {
        "type": "message",
        "subtype": "file_share",
        "text": "<@U06F25KCP|eldrew> uploaded a file: <https:\/\/teamegt.slack.com\/files\/eldrew\/F06FXEB50\/img_0095.jpg|IMG 0095>",
        "file": {
            "id": "F06FXEB50",
            "created": 1434585830,
            "timestamp": 1434585830,
            "name": "IMG_0095.JPG",
            "title": "IMG 0095",
            "mimetype": "image\/jpeg",
            "filetype": "jpg",
            "pretty_type": "JPEG",
            "user": "U06F25KCP",
            "editable": false,
            "size": 1329423,
            "mode": "hosted",
            "is_external": false,
            "external_type": "",
            "is_public": true,
            "public_url_shared": false,
            "url": "https:\/\/slack-files.com\/files-pub\/T06F21XJ9-F06FXEB50-7b5fc36e1f\/img_0095.jpg",
            "url_download": "https:\/\/slack-files.com\/files-pub\/T06F21XJ9-F06FXEB50-7b5fc36e1f\/download\/img_0095.jpg",
            "url_private": "https:\/\/files.slack.com\/files-pri\/T06F21XJ9-F06FXEB50\/img_0095.jpg",
            "url_private_download": "https:\/\/files.slack.com\/files-pri\/T06F21XJ9-F06FXEB50\/download\/img_0095.jpg",
            "thumb_64": "https:\/\/slack-files.com\/files-tmb\/T06F21XJ9-F06FXEB50-e15407b80f\/img_0095_64.png",
            "thumb_80": "https:\/\/slack-files.com\/files-tmb\/T06F21XJ9-F06FXEB50-e15407b80f\/img_0095_80.png",
            "thumb_360": "https:\/\/slack-files.com\/files-tmb\/T06F21XJ9-F06FXEB50-e15407b80f\/img_0095_360.png",
            "thumb_360_w": 270,
            "thumb_360_h": 360,
            "thumb_480": "https:\/\/slack-files.com\/files-tmb\/T06F21XJ9-F06FXEB50-e15407b80f\/img_0095_480.png",
            "thumb_480_w": 360,
            "thumb_480_h": 480,
            "thumb_160": "https:\/\/slack-files.com\/files-tmb\/T06F21XJ9-F06FXEB50-e15407b80f\/img_0095_160.png",
            "thumb_720": "https:\/\/slack-files.com\/files-tmb\/T06F21XJ9-F06FXEB50-e15407b80f\/img_0095_720.png",
            "thumb_720_w": 540,
            "thumb_720_h": 720,
            "thumb_960": "https:\/\/slack-files.com\/files-tmb\/T06F21XJ9-F06FXEB50-e15407b80f\/img_0095_960.png",
            "thumb_960_w": 720,
            "thumb_960_h": 960,
            "thumb_1024": "https:\/\/slack-files.com\/files-tmb\/T06F21XJ9-F06FXEB50-e15407b80f\/img_0095_1024.png",
            "thumb_1024_w": 768,
            "thumb_1024_h": 1024,
            "image_exif_rotation": 6,
            "permalink": "https:\/\/teamegt.slack.com\/files\/eldrew\/F06FXEB50\/img_0095.jpg",
            "permalink_public": "https:\/\/slack-files.com\/T06F21XJ9-F06FXEB50-7b5fc36e1f",
            "channels": [
                "C06F1SXLG"
            ],
            "groups": [],
            "ims": [],
            "comments_count": 0
        },
        "user": "U06F25KCP",
        "upload": true,
        "ts": "1434585850.000059"
    },
    {
        "type": "message",
        "user": "U06F21XJR",
        "text": "eating food! brb",
        "ts": "1434585859.000060"
    },
    {
        "type": "message",
        "subtype": "file_share",
        "text": "<@U06F25KCP|eldrew> uploaded a file: <https:\/\/teamegt.slack.com\/files\/eldrew\/F06FXFYQ5\/img_0093.jpg|IMG 0093>",
        "file": {
            "id": "F06FXFYQ5",
            "created": 1434585846,
            "timestamp": 1434585846,
            "name": "IMG_0093.JPG",
            "title": "IMG 0093",
            "mimetype": "image\/jpeg",
            "filetype": "jpg",
            "pretty_type": "JPEG",
            "user": "U06F25KCP",
            "editable": false,
            "size": 1374002,
            "mode": "hosted",
            "is_external": false,
            "external_type": "",
            "is_public": true,
            "public_url_shared": false,
            "url": "https:\/\/slack-files.com\/files-pub\/T06F21XJ9-F06FXFYQ5-44b3283732\/img_0093.jpg",
            "url_download": "https:\/\/slack-files.com\/files-pub\/T06F21XJ9-F06FXFYQ5-44b3283732\/download\/img_0093.jpg",
            "url_private": "https:\/\/files.slack.com\/files-pri\/T06F21XJ9-F06FXFYQ5\/img_0093.jpg",
            "url_private_download": "https:\/\/files.slack.com\/files-pri\/T06F21XJ9-F06FXFYQ5\/download\/img_0093.jpg",
            "thumb_64": "https:\/\/slack-files.com\/files-tmb\/T06F21XJ9-F06FXFYQ5-1bbc39ea02\/img_0093_64.png",
            "thumb_80": "https:\/\/slack-files.com\/files-tmb\/T06F21XJ9-F06FXFYQ5-1bbc39ea02\/img_0093_80.png",
            "thumb_360": "https:\/\/slack-files.com\/files-tmb\/T06F21XJ9-F06FXFYQ5-1bbc39ea02\/img_0093_360.png",
            "thumb_360_w": 270,
            "thumb_360_h": 360,
            "thumb_480": "https:\/\/slack-files.com\/files-tmb\/T06F21XJ9-F06FXFYQ5-1bbc39ea02\/img_0093_480.png",
            "thumb_480_w": 360,
            "thumb_480_h": 480,
            "thumb_160": "https:\/\/slack-files.com\/files-tmb\/T06F21XJ9-F06FXFYQ5-1bbc39ea02\/img_0093_160.png",
            "thumb_720": "https:\/\/slack-files.com\/files-tmb\/T06F21XJ9-F06FXFYQ5-1bbc39ea02\/img_0093_720.png",
            "thumb_720_w": 540,
            "thumb_720_h": 720,
            "thumb_960": "https:\/\/slack-files.com\/files-tmb\/T06F21XJ9-F06FXFYQ5-1bbc39ea02\/img_0093_960.png",
            "thumb_960_w": 720,
            "thumb_960_h": 960,
            "thumb_1024": "https:\/\/slack-files.com\/files-tmb\/T06F21XJ9-F06FXFYQ5-1bbc39ea02\/img_0093_1024.png",
            "thumb_1024_w": 768,
            "thumb_1024_h": 1024,
            "image_exif_rotation": 6,
            "permalink": "https:\/\/teamegt.slack.com\/files\/eldrew\/F06FXFYQ5\/img_0093.jpg",
            "permalink_public": "https:\/\/slack-files.com\/T06F21XJ9-F06FXFYQ5-44b3283732",
            "channels": [
                "C06F1SXLG"
            ],
            "groups": [],
            "ims": [],
            "comments_count": 0
        },
        "user": "U06F25KCP",
        "upload": true,
        "ts": "1434585867.000061"
    },
    {
        "type": "message",
        "user": "U06F21XJR",
        "text": "thanks <@U06F25KCP>",
        "ts": "1434585867.000062"
    },
    {
        "type": "message",
        "user": "U06F21XJR",
        "text": "!",
        "ts": "1434585868.000063"
    },
    {
        "type": "message",
        "subtype": "file_share",
        "text": "<@U06F25KCP|eldrew> uploaded a file: <https:\/\/teamegt.slack.com\/files\/eldrew\/F06FXBPP0\/img_0092.jpg|IMG 0092>",
        "file": {
            "id": "F06FXBPP0",
            "created": 1434585856,
            "timestamp": 1434585856,
            "name": "IMG_0092.JPG",
            "title": "IMG 0092",
            "mimetype": "image\/jpeg",
            "filetype": "jpg",
            "pretty_type": "JPEG",
            "user": "U06F25KCP",
            "editable": false,
            "size": 1309380,
            "mode": "hosted",
            "is_external": false,
            "external_type": "",
            "is_public": true,
            "public_url_shared": false,
            "url": "https:\/\/slack-files.com\/files-pub\/T06F21XJ9-F06FXBPP0-2a80484186\/img_0092.jpg",
            "url_download": "https:\/\/slack-files.com\/files-pub\/T06F21XJ9-F06FXBPP0-2a80484186\/download\/img_0092.jpg",
            "url_private": "https:\/\/files.slack.com\/files-pri\/T06F21XJ9-F06FXBPP0\/img_0092.jpg",
            "url_private_download": "https:\/\/files.slack.com\/files-pri\/T06F21XJ9-F06FXBPP0\/download\/img_0092.jpg",
            "thumb_64": "https:\/\/slack-files.com\/files-tmb\/T06F21XJ9-F06FXBPP0-11e1e35a72\/img_0092_64.png",
            "thumb_80": "https:\/\/slack-files.com\/files-tmb\/T06F21XJ9-F06FXBPP0-11e1e35a72\/img_0092_80.png",
            "thumb_360": "https:\/\/slack-files.com\/files-tmb\/T06F21XJ9-F06FXBPP0-11e1e35a72\/img_0092_360.png",
            "thumb_360_w": 270,
            "thumb_360_h": 360,
            "thumb_480": "https:\/\/slack-files.com\/files-tmb\/T06F21XJ9-F06FXBPP0-11e1e35a72\/img_0092_480.png",
            "thumb_480_w": 360,
            "thumb_480_h": 480,
            "thumb_160": "https:\/\/slack-files.com\/files-tmb\/T06F21XJ9-F06FXBPP0-11e1e35a72\/img_0092_160.png",
            "thumb_720": "https:\/\/slack-files.com\/files-tmb\/T06F21XJ9-F06FXBPP0-11e1e35a72\/img_0092_720.png",
            "thumb_720_w": 540,
            "thumb_720_h": 720,
            "thumb_960": "https:\/\/slack-files.com\/files-tmb\/T06F21XJ9-F06FXBPP0-11e1e35a72\/img_0092_960.png",
            "thumb_960_w": 720,
            "thumb_960_h": 960,
            "thumb_1024": "https:\/\/slack-files.com\/files-tmb\/T06F21XJ9-F06FXBPP0-11e1e35a72\/img_0092_1024.png",
            "thumb_1024_w": 768,
            "thumb_1024_h": 1024,
            "image_exif_rotation": 6,
            "permalink": "https:\/\/teamegt.slack.com\/files\/eldrew\/F06FXBPP0\/img_0092.jpg",
            "permalink_public": "https:\/\/slack-files.com\/T06F21XJ9-F06FXBPP0-2a80484186",
            "channels": [
                "C06F1SXLG"
            ],
            "groups": [],
            "ims": [],
            "comments_count": 0
        },
        "user": "U06F25KCP",
        "upload": true,
        "ts": "1434585872.000064"
    },
    {
        "type": "message",
        "subtype": "file_share",
        "text": "<@U06F25KCP|eldrew> uploaded a file: <https:\/\/teamegt.slack.com\/files\/eldrew\/F06FXF4HY\/img_0094.jpg|IMG 0094>",
        "file": {
            "id": "F06FXF4HY",
            "created": 1434585864,
            "timestamp": 1434585864,
            "name": "IMG_0094.JPG",
            "title": "IMG 0094",
            "mimetype": "image\/jpeg",
            "filetype": "jpg",
            "pretty_type": "JPEG",
            "user": "U06F25KCP",
            "editable": false,
            "size": 1321434,
            "mode": "hosted",
            "is_external": false,
            "external_type": "",
            "is_public": true,
            "public_url_shared": false,
            "url": "https:\/\/slack-files.com\/files-pub\/T06F21XJ9-F06FXF4HY-ebca66f1c5\/img_0094.jpg",
            "url_download": "https:\/\/slack-files.com\/files-pub\/T06F21XJ9-F06FXF4HY-ebca66f1c5\/download\/img_0094.jpg",
            "url_private": "https:\/\/files.slack.com\/files-pri\/T06F21XJ9-F06FXF4HY\/img_0094.jpg",
            "url_private_download": "https:\/\/files.slack.com\/files-pri\/T06F21XJ9-F06FXF4HY\/download\/img_0094.jpg",
            "thumb_64": "https:\/\/slack-files.com\/files-tmb\/T06F21XJ9-F06FXF4HY-de3a440692\/img_0094_64.png",
            "thumb_80": "https:\/\/slack-files.com\/files-tmb\/T06F21XJ9-F06FXF4HY-de3a440692\/img_0094_80.png",
            "thumb_360": "https:\/\/slack-files.com\/files-tmb\/T06F21XJ9-F06FXF4HY-de3a440692\/img_0094_360.png",
            "thumb_360_w": 270,
            "thumb_360_h": 360,
            "thumb_480": "https:\/\/slack-files.com\/files-tmb\/T06F21XJ9-F06FXF4HY-de3a440692\/img_0094_480.png",
            "thumb_480_w": 360,
            "thumb_480_h": 480,
            "thumb_160": "https:\/\/slack-files.com\/files-tmb\/T06F21XJ9-F06FXF4HY-de3a440692\/img_0094_160.png",
            "thumb_720": "https:\/\/slack-files.com\/files-tmb\/T06F21XJ9-F06FXF4HY-de3a440692\/img_0094_720.png",
            "thumb_720_w": 540,
            "thumb_720_h": 720,
            "thumb_960": "https:\/\/slack-files.com\/files-tmb\/T06F21XJ9-F06FXF4HY-de3a440692\/img_0094_960.png",
            "thumb_960_w": 720,
            "thumb_960_h": 960,
            "thumb_1024": "https:\/\/slack-files.com\/files-tmb\/T06F21XJ9-F06FXF4HY-de3a440692\/img_0094_1024.png",
            "thumb_1024_w": 768,
            "thumb_1024_h": 1024,
            "image_exif_rotation": 6,
            "permalink": "https:\/\/teamegt.slack.com\/files\/eldrew\/F06FXF4HY\/img_0094.jpg",
            "permalink_public": "https:\/\/slack-files.com\/T06F21XJ9-F06FXF4HY-ebca66f1c5",
            "channels": [
                "C06F1SXLG"
            ],
            "groups": [],
            "ims": [],
            "comments_count": 0
        },
        "user": "U06F25KCP",
        "upload": true,
        "ts": "1434585881.000065"
    },
    {
        "type": "message",
        "subtype": "file_share",
        "text": "<@U06F25KCP|eldrew> uploaded a file: <https:\/\/teamegt.slack.com\/files\/eldrew\/F06FXFW0Z\/img_0091.jpg|IMG 0091>",
        "file": {
            "id": "F06FXFW0Z",
            "created": 1434585882,
            "timestamp": 1434585882,
            "name": "IMG_0091.JPG",
            "title": "IMG 0091",
            "mimetype": "image\/jpeg",
            "filetype": "jpg",
            "pretty_type": "JPEG",
            "user": "U06F25KCP",
            "editable": false,
            "size": 1408708,
            "mode": "hosted",
            "is_external": false,
            "external_type": "",
            "is_public": true,
            "public_url_shared": false,
            "url": "https:\/\/slack-files.com\/files-pub\/T06F21XJ9-F06FXFW0Z-b4024dcd6f\/img_0091.jpg",
            "url_download": "https:\/\/slack-files.com\/files-pub\/T06F21XJ9-F06FXFW0Z-b4024dcd6f\/download\/img_0091.jpg",
            "url_private": "https:\/\/files.slack.com\/files-pri\/T06F21XJ9-F06FXFW0Z\/img_0091.jpg",
            "url_private_download": "https:\/\/files.slack.com\/files-pri\/T06F21XJ9-F06FXFW0Z\/download\/img_0091.jpg",
            "thumb_64": "https:\/\/slack-files.com\/files-tmb\/T06F21XJ9-F06FXFW0Z-38b63e40ff\/img_0091_64.png",
            "thumb_80": "https:\/\/slack-files.com\/files-tmb\/T06F21XJ9-F06FXFW0Z-38b63e40ff\/img_0091_80.png",
            "thumb_360": "https:\/\/slack-files.com\/files-tmb\/T06F21XJ9-F06FXFW0Z-38b63e40ff\/img_0091_360.png",
            "thumb_360_w": 270,
            "thumb_360_h": 360,
            "thumb_480": "https:\/\/slack-files.com\/files-tmb\/T06F21XJ9-F06FXFW0Z-38b63e40ff\/img_0091_480.png",
            "thumb_480_w": 360,
            "thumb_480_h": 480,
            "thumb_160": "https:\/\/slack-files.com\/files-tmb\/T06F21XJ9-F06FXFW0Z-38b63e40ff\/img_0091_160.png",
            "thumb_720": "https:\/\/slack-files.com\/files-tmb\/T06F21XJ9-F06FXFW0Z-38b63e40ff\/img_0091_720.png",
            "thumb_720_w": 540,
            "thumb_720_h": 720,
            "thumb_960": "https:\/\/slack-files.com\/files-tmb\/T06F21XJ9-F06FXFW0Z-38b63e40ff\/img_0091_960.png",
            "thumb_960_w": 720,
            "thumb_960_h": 960,
            "thumb_1024": "https:\/\/slack-files.com\/files-tmb\/T06F21XJ9-F06FXFW0Z-38b63e40ff\/img_0091_1024.png",
            "thumb_1024_w": 768,
            "thumb_1024_h": 1024,
            "image_exif_rotation": 6,
            "permalink": "https:\/\/teamegt.slack.com\/files\/eldrew\/F06FXFW0Z\/img_0091.jpg",
            "permalink_public": "https:\/\/slack-files.com\/T06F21XJ9-F06FXFW0Z-b4024dcd6f",
            "channels": [
                "C06F1SXLG"
            ],
            "groups": [],
            "ims": [],
            "comments_count": 0
        },
        "user": "U06F25KCP",
        "upload": true,
        "ts": "1434585902.000066"
    },
    {
        "type": "message",
        "subtype": "file_share",
        "text": "<@U06F25KCP|eldrew> uploaded a file: <https:\/\/teamegt.slack.com\/files\/eldrew\/F06FXDAAU\/img_0090.jpg|IMG 0090>",
        "file": {
            "id": "F06FXDAAU",
            "created": 1434585891,
            "timestamp": 1434585891,
            "name": "IMG_0090.JPG",
            "title": "IMG 0090",
            "mimetype": "image\/jpeg",
            "filetype": "jpg",
            "pretty_type": "JPEG",
            "user": "U06F25KCP",
            "editable": false,
            "size": 1453060,
            "mode": "hosted",
            "is_external": false,
            "external_type": "",
            "is_public": true,
            "public_url_shared": false,
            "url": "https:\/\/slack-files.com\/files-pub\/T06F21XJ9-F06FXDAAU-9cff2aa2dd\/img_0090.jpg",
            "url_download": "https:\/\/slack-files.com\/files-pub\/T06F21XJ9-F06FXDAAU-9cff2aa2dd\/download\/img_0090.jpg",
            "url_private": "https:\/\/files.slack.com\/files-pri\/T06F21XJ9-F06FXDAAU\/img_0090.jpg",
            "url_private_download": "https:\/\/files.slack.com\/files-pri\/T06F21XJ9-F06FXDAAU\/download\/img_0090.jpg",
            "thumb_64": "https:\/\/slack-files.com\/files-tmb\/T06F21XJ9-F06FXDAAU-b20cd8481f\/img_0090_64.png",
            "thumb_80": "https:\/\/slack-files.com\/files-tmb\/T06F21XJ9-F06FXDAAU-b20cd8481f\/img_0090_80.png",
            "thumb_360": "https:\/\/slack-files.com\/files-tmb\/T06F21XJ9-F06FXDAAU-b20cd8481f\/img_0090_360.png",
            "thumb_360_w": 270,
            "thumb_360_h": 360,
            "thumb_480": "https:\/\/slack-files.com\/files-tmb\/T06F21XJ9-F06FXDAAU-b20cd8481f\/img_0090_480.png",
            "thumb_480_w": 360,
            "thumb_480_h": 480,
            "thumb_160": "https:\/\/slack-files.com\/files-tmb\/T06F21XJ9-F06FXDAAU-b20cd8481f\/img_0090_160.png",
            "thumb_720": "https:\/\/slack-files.com\/files-tmb\/T06F21XJ9-F06FXDAAU-b20cd8481f\/img_0090_720.png",
            "thumb_720_w": 540,
            "thumb_720_h": 720,
            "thumb_960": "https:\/\/slack-files.com\/files-tmb\/T06F21XJ9-F06FXDAAU-b20cd8481f\/img_0090_960.png",
            "thumb_960_w": 720,
            "thumb_960_h": 960,
            "thumb_1024": "https:\/\/slack-files.com\/files-tmb\/T06F21XJ9-F06FXDAAU-b20cd8481f\/img_0090_1024.png",
            "thumb_1024_w": 768,
            "thumb_1024_h": 1024,
            "image_exif_rotation": 6,
            "permalink": "https:\/\/teamegt.slack.com\/files\/eldrew\/F06FXDAAU\/img_0090.jpg",
            "permalink_public": "https:\/\/slack-files.com\/T06F21XJ9-F06FXDAAU-9cff2aa2dd",
            "channels": [
                "C06F1SXLG"
            ],
            "groups": [],
            "ims": [],
            "comments_count": 0
        },
        "user": "U06F25KCP",
        "upload": true,
        "ts": "1434585910.000067"
    },
    {
        "type": "message",
        "subtype": "file_share",
        "text": "<@U06F25KCP|eldrew> uploaded a file: <https:\/\/teamegt.slack.com\/files\/eldrew\/F06FXFX97\/img_0089.jpg|IMG 0089>",
        "file": {
            "id": "F06FXFX97",
            "created": 1434585900,
            "timestamp": 1434585900,
            "name": "IMG_0089.JPG",
            "title": "IMG 0089",
            "mimetype": "image\/jpeg",
            "filetype": "jpg",
            "pretty_type": "JPEG",
            "user": "U06F25KCP",
            "editable": false,
            "size": 1689048,
            "mode": "hosted",
            "is_external": false,
            "external_type": "",
            "is_public": true,
            "public_url_shared": false,
            "url": "https:\/\/slack-files.com\/files-pub\/T06F21XJ9-F06FXFX97-0c1e1dc241\/img_0089.jpg",
            "url_download": "https:\/\/slack-files.com\/files-pub\/T06F21XJ9-F06FXFX97-0c1e1dc241\/download\/img_0089.jpg",
            "url_private": "https:\/\/files.slack.com\/files-pri\/T06F21XJ9-F06FXFX97\/img_0089.jpg",
            "url_private_download": "https:\/\/files.slack.com\/files-pri\/T06F21XJ9-F06FXFX97\/download\/img_0089.jpg",
            "thumb_64": "https:\/\/slack-files.com\/files-tmb\/T06F21XJ9-F06FXFX97-c5e1e5b36d\/img_0089_64.png",
            "thumb_80": "https:\/\/slack-files.com\/files-tmb\/T06F21XJ9-F06FXFX97-c5e1e5b36d\/img_0089_80.png",
            "thumb_360": "https:\/\/slack-files.com\/files-tmb\/T06F21XJ9-F06FXFX97-c5e1e5b36d\/img_0089_360.png",
            "thumb_360_w": 360,
            "thumb_360_h": 270,
            "thumb_480": "https:\/\/slack-files.com\/files-tmb\/T06F21XJ9-F06FXFX97-c5e1e5b36d\/img_0089_480.png",
            "thumb_480_w": 480,
            "thumb_480_h": 360,
            "thumb_160": "https:\/\/slack-files.com\/files-tmb\/T06F21XJ9-F06FXFX97-c5e1e5b36d\/img_0089_160.png",
            "thumb_720": "https:\/\/slack-files.com\/files-tmb\/T06F21XJ9-F06FXFX97-c5e1e5b36d\/img_0089_720.png",
            "thumb_720_w": 720,
            "thumb_720_h": 540,
            "thumb_960": "https:\/\/slack-files.com\/files-tmb\/T06F21XJ9-F06FXFX97-c5e1e5b36d\/img_0089_960.png",
            "thumb_960_w": 960,
            "thumb_960_h": 720,
            "thumb_1024": "https:\/\/slack-files.com\/files-tmb\/T06F21XJ9-F06FXFX97-c5e1e5b36d\/img_0089_1024.png",
            "thumb_1024_w": 1024,
            "thumb_1024_h": 768,
            "image_exif_rotation": 1,
            "permalink": "https:\/\/teamegt.slack.com\/files\/eldrew\/F06FXFX97\/img_0089.jpg",
            "permalink_public": "https:\/\/slack-files.com\/T06F21XJ9-F06FXFX97-0c1e1dc241",
            "channels": [
                "C06F1SXLG"
            ],
            "groups": [],
            "ims": [],
            "comments_count": 0
        },
        "user": "U06F25KCP",
        "upload": true,
        "ts": "1434585920.000068"
    },
    {
        "type": "message",
        "subtype": "file_share",
        "text": "<@U06F25KCP|eldrew> uploaded a file: <https:\/\/teamegt.slack.com\/files\/eldrew\/F06FXGXGD\/img_0088.jpg|IMG 0088>",
        "file": {
            "id": "F06FXGXGD",
            "created": 1434585911,
            "timestamp": 1434585911,
            "name": "IMG_0088.JPG",
            "title": "IMG 0088",
            "mimetype": "image\/jpeg",
            "filetype": "jpg",
            "pretty_type": "JPEG",
            "user": "U06F25KCP",
            "editable": false,
            "size": 1310506,
            "mode": "hosted",
            "is_external": false,
            "external_type": "",
            "is_public": true,
            "public_url_shared": false,
            "url": "https:\/\/slack-files.com\/files-pub\/T06F21XJ9-F06FXGXGD-206f5ad26e\/img_0088.jpg",
            "url_download": "https:\/\/slack-files.com\/files-pub\/T06F21XJ9-F06FXGXGD-206f5ad26e\/download\/img_0088.jpg",
            "url_private": "https:\/\/files.slack.com\/files-pri\/T06F21XJ9-F06FXGXGD\/img_0088.jpg",
            "url_private_download": "https:\/\/files.slack.com\/files-pri\/T06F21XJ9-F06FXGXGD\/download\/img_0088.jpg",
            "thumb_64": "https:\/\/slack-files.com\/files-tmb\/T06F21XJ9-F06FXGXGD-05175ec204\/img_0088_64.png",
            "thumb_80": "https:\/\/slack-files.com\/files-tmb\/T06F21XJ9-F06FXGXGD-05175ec204\/img_0088_80.png",
            "thumb_360": "https:\/\/slack-files.com\/files-tmb\/T06F21XJ9-F06FXGXGD-05175ec204\/img_0088_360.png",
            "thumb_360_w": 360,
            "thumb_360_h": 270,
            "thumb_480": "https:\/\/slack-files.com\/files-tmb\/T06F21XJ9-F06FXGXGD-05175ec204\/img_0088_480.png",
            "thumb_480_w": 480,
            "thumb_480_h": 360,
            "thumb_160": "https:\/\/slack-files.com\/files-tmb\/T06F21XJ9-F06FXGXGD-05175ec204\/img_0088_160.png",
            "thumb_720": "https:\/\/slack-files.com\/files-tmb\/T06F21XJ9-F06FXGXGD-05175ec204\/img_0088_720.png",
            "thumb_720_w": 720,
            "thumb_720_h": 540,
            "thumb_960": "https:\/\/slack-files.com\/files-tmb\/T06F21XJ9-F06FXGXGD-05175ec204\/img_0088_960.png",
            "thumb_960_w": 960,
            "thumb_960_h": 720,
            "thumb_1024": "https:\/\/slack-files.com\/files-tmb\/T06F21XJ9-F06FXGXGD-05175ec204\/img_0088_1024.png",
            "thumb_1024_w": 1024,
            "thumb_1024_h": 768,
            "image_exif_rotation": 1,
            "permalink": "https:\/\/teamegt.slack.com\/files\/eldrew\/F06FXGXGD\/img_0088.jpg",
            "permalink_public": "https:\/\/slack-files.com\/T06F21XJ9-F06FXGXGD-206f5ad26e",
            "channels": [
                "C06F1SXLG"
            ],
            "groups": [],
            "ims": [],
            "comments_count": 0
        },
        "user": "U06F25KCP",
        "upload": true,
        "ts": "1434585927.000069"
    },
    {
        "type": "message",
        "subtype": "file_share",
        "text": "<@U06F25KCP|eldrew> uploaded a file: <https:\/\/teamegt.slack.com\/files\/eldrew\/F06FXFZB6\/img_0087.jpg|IMG 0087>",
        "file": {
            "id": "F06FXFZB6",
            "created": 1434585921,
            "timestamp": 1434585921,
            "name": "IMG_0087.JPG",
            "title": "IMG 0087",
            "mimetype": "image\/jpeg",
            "filetype": "jpg",
            "pretty_type": "JPEG",
            "user": "U06F25KCP",
            "editable": false,
            "size": 1393143,
            "mode": "hosted",
            "is_external": false,
            "external_type": "",
            "is_public": true,
            "public_url_shared": false,
            "url": "https:\/\/slack-files.com\/files-pub\/T06F21XJ9-F06FXFZB6-dc6350b495\/img_0087.jpg",
            "url_download": "https:\/\/slack-files.com\/files-pub\/T06F21XJ9-F06FXFZB6-dc6350b495\/download\/img_0087.jpg",
            "url_private": "https:\/\/files.slack.com\/files-pri\/T06F21XJ9-F06FXFZB6\/img_0087.jpg",
            "url_private_download": "https:\/\/files.slack.com\/files-pri\/T06F21XJ9-F06FXFZB6\/download\/img_0087.jpg",
            "thumb_64": "https:\/\/slack-files.com\/files-tmb\/T06F21XJ9-F06FXFZB6-4b1bbbd914\/img_0087_64.png",
            "thumb_80": "https:\/\/slack-files.com\/files-tmb\/T06F21XJ9-F06FXFZB6-4b1bbbd914\/img_0087_80.png",
            "thumb_360": "https:\/\/slack-files.com\/files-tmb\/T06F21XJ9-F06FXFZB6-4b1bbbd914\/img_0087_360.png",
            "thumb_360_w": 360,
            "thumb_360_h": 270,
            "thumb_480": "https:\/\/slack-files.com\/files-tmb\/T06F21XJ9-F06FXFZB6-4b1bbbd914\/img_0087_480.png",
            "thumb_480_w": 480,
            "thumb_480_h": 360,
            "thumb_160": "https:\/\/slack-files.com\/files-tmb\/T06F21XJ9-F06FXFZB6-4b1bbbd914\/img_0087_160.png",
            "thumb_720": "https:\/\/slack-files.com\/files-tmb\/T06F21XJ9-F06FXFZB6-4b1bbbd914\/img_0087_720.png",
            "thumb_720_w": 720,
            "thumb_720_h": 540,
            "thumb_960": "https:\/\/slack-files.com\/files-tmb\/T06F21XJ9-F06FXFZB6-4b1bbbd914\/img_0087_960.png",
            "thumb_960_w": 960,
            "thumb_960_h": 720,
            "thumb_1024": "https:\/\/slack-files.com\/files-tmb\/T06F21XJ9-F06FXFZB6-4b1bbbd914\/img_0087_1024.png",
            "thumb_1024_w": 1024,
            "thumb_1024_h": 768,
            "image_exif_rotation": 1,
            "permalink": "https:\/\/teamegt.slack.com\/files\/eldrew\/F06FXFZB6\/img_0087.jpg",
            "permalink_public": "https:\/\/slack-files.com\/T06F21XJ9-F06FXFZB6-dc6350b495",
            "channels": [
                "C06F1SXLG"
            ],
            "groups": [],
            "ims": [],
            "comments_count": 0
        },
        "user": "U06F25KCP",
        "upload": true,
        "ts": "1434585938.000070"
    },
    {
        "type": "message",
        "subtype": "file_share",
        "text": "<@U06F25KCP|eldrew> uploaded a file: <https:\/\/teamegt.slack.com\/files\/eldrew\/F06FXFZJN\/img_0086.jpg|IMG 0086>",
        "file": {
            "id": "F06FXFZJN",
            "created": 1434585932,
            "timestamp": 1434585932,
            "name": "IMG_0086.JPG",
            "title": "IMG 0086",
            "mimetype": "image\/jpeg",
            "filetype": "jpg",
            "pretty_type": "JPEG",
            "user": "U06F25KCP",
            "editable": false,
            "size": 1489273,
            "mode": "hosted",
            "is_external": false,
            "external_type": "",
            "is_public": true,
            "public_url_shared": false,
            "url": "https:\/\/slack-files.com\/files-pub\/T06F21XJ9-F06FXFZJN-05b5a8caf0\/img_0086.jpg",
            "url_download": "https:\/\/slack-files.com\/files-pub\/T06F21XJ9-F06FXFZJN-05b5a8caf0\/download\/img_0086.jpg",
            "url_private": "https:\/\/files.slack.com\/files-pri\/T06F21XJ9-F06FXFZJN\/img_0086.jpg",
            "url_private_download": "https:\/\/files.slack.com\/files-pri\/T06F21XJ9-F06FXFZJN\/download\/img_0086.jpg",
            "thumb_64": "https:\/\/slack-files.com\/files-tmb\/T06F21XJ9-F06FXFZJN-4c89827210\/img_0086_64.png",
            "thumb_80": "https:\/\/slack-files.com\/files-tmb\/T06F21XJ9-F06FXFZJN-4c89827210\/img_0086_80.png",
            "thumb_360": "https:\/\/slack-files.com\/files-tmb\/T06F21XJ9-F06FXFZJN-4c89827210\/img_0086_360.png",
            "thumb_360_w": 270,
            "thumb_360_h": 360,
            "thumb_480": "https:\/\/slack-files.com\/files-tmb\/T06F21XJ9-F06FXFZJN-4c89827210\/img_0086_480.png",
            "thumb_480_w": 360,
            "thumb_480_h": 480,
            "thumb_160": "https:\/\/slack-files.com\/files-tmb\/T06F21XJ9-F06FXFZJN-4c89827210\/img_0086_160.png",
            "thumb_720": "https:\/\/slack-files.com\/files-tmb\/T06F21XJ9-F06FXFZJN-4c89827210\/img_0086_720.png",
            "thumb_720_w": 540,
            "thumb_720_h": 720,
            "thumb_960": "https:\/\/slack-files.com\/files-tmb\/T06F21XJ9-F06FXFZJN-4c89827210\/img_0086_960.png",
            "thumb_960_w": 720,
            "thumb_960_h": 960,
            "thumb_1024": "https:\/\/slack-files.com\/files-tmb\/T06F21XJ9-F06FXFZJN-4c89827210\/img_0086_1024.png",
            "thumb_1024_w": 768,
            "thumb_1024_h": 1024,
            "image_exif_rotation": 6,
            "permalink": "https:\/\/teamegt.slack.com\/files\/eldrew\/F06FXFZJN\/img_0086.jpg",
            "permalink_public": "https:\/\/slack-files.com\/T06F21XJ9-F06FXFZJN-05b5a8caf0",
            "channels": [
                "C06F1SXLG"
            ],
            "groups": [],
            "ims": [],
            "comments_count": 0
        },
        "user": "U06F25KCP",
        "upload": true,
        "ts": "1434585951.000071"
    },
    {
        "type": "message",
        "user": "U06F21XJR",
        "text": "thanks <@U06F25KCP> !",
        "ts": "1434587804.000072"
    },
    {
        "type": "message",
        "user": "U06F25KCP",
        "text": "I can't seem to figure out how to add a file for us to work on",
        "ts": "1434587857.000073"
    },
    {
        "type": "message",
        "user": "U06F25KCP",
        "text": "like your definition of done post",
        "ts": "1434587865.000074"
    },
    {
        "type": "message",
        "user": "U06F21XJR",
        "text": "weird",
        "ts": "1434588033.000075"
    },
    {
        "type": "message",
        "user": "U06F21XJR",
        "text": "I can create a new one",
        "ts": "1434588131.000076"
    },
    {
        "type": "message",
        "user": "U06F21XJR",
        "text": "is this for the slide deck?",
        "ts": "1434588141.000077"
    },
    {
        "type": "message",
        "user": "U06F25KCP",
        "text": "I have the slide deck i'll just add it to slack as a doc",
        "ts": "1434588443.000078"
    },
    {
        "type": "message",
        "user": "U06F25KCP",
        "text": "yeah",
        "ts": "1434588449.000079"
    },
    {
        "type": "message",
        "user": "U06F21XJR",
        "text": "ok",
        "ts": "1434588627.000080"
    },
    {
        "type": "message",
        "user": "U06F21XJR",
        "text": "hey <@U06F25KCP>  - would you say this describes the challenge patrick mentioned on ndc codes?",
        "ts": "1434589675.000081"
    },
    {
        "type": "message",
        "user": "U06F21XJR",
        "text": "The challenge is to improve available data on medication recalls through mapping NDC codes to identify drugs missing from the recall list with the same ingredients  but under different dosages so may be missing from the recall. \nAbility to search drugs on the recall list  \nAbility to compare the NDC code on the recall list with other drugs with similar NDC codes to indicate this drug is associated with medications under warning",
        "ts": "1434589676.000082"
    },
    {
        "type": "message",
        "user": "U06F21XJR",
        "text": "The wording is off",
        "ts": "1434589691.000083"
    },
    {
        "type": "message",
        "user": "U06F21XJR",
        "text": "but want to see if I capture the intent",
        "ts": "1434589732.000084"
    },
    {
        "type": "message",
        "user": "U06F21XJR",
        "text": "Medications with different dosages may use the same ingredients but have distinct NDC codes. This challenge is to improve available data on medication recalls through mapping NDC codes of drugs with different dosages, for example, to identify drugs missing from the recall list. \nAbility to search drugs on the recall list  \nAbility to compare the NDC code on the recall list with other drugs with similar NDC codes to indicate this drug is associated with medications under warning",
        "ts": "1434589891.000085"
    }
]