[
    {
        "type": "message",
        "user": "U06GU12K1",
        "text": "Right, I'm in the for the rest of the day and coding. I intend to work some enhancements to the architecture under this over the next day (<@U06F21XJR>, park it in whatever sprint seems best to you) . I'll set up https using our eGT-Labs cert, and automate the Jenkins configuration that Jai did. <@U06H7NYLQ>, I'll need a rundown of what buttons you pushed.",
        "ts": "1434912363.000056"
    },
    {
        "type": "message",
        "user": "U06GU12K1",
        "text": "Will work in a separate stack so as not to disrupt any ongoing development, then apply to the existing one when I'm confident.",
        "ts": "1434912382.000057"
    },
    {
        "type": "message",
        "user": "U06H7NYLQ",
        "text": "<@U06GU12K1>: you might wanna start with the plugin list: <http:\/\/gsa-fda-proto-jenkins.egt-labs.com\/pluginManager\/installed>",
        "ts": "1434912431.000058"
    },
    {
        "type": "message",
        "user": "U06H7NYLQ",
        "text": "so we need these installed first",
        "ts": "1434912435.000059"
    },
    {
        "type": "message",
        "user": "U06H7NYLQ",
        "text": "second thing is, the app server is configured as a slave",
        "ts": "1434912464.000060"
    },
    {
        "type": "message",
        "user": "U06H7NYLQ",
        "text": "so see if that can be automated: <http:\/\/gsa-fda-proto-jenkins.egt-labs.com\/computer\/app-server\/>",
        "ts": "1434912475.000061"
    },
    {
        "type": "message",
        "user": "U06H7NYLQ",
        "text": "beyond these, the job xml file",
        "ts": "1434912493.000062"
    },
    {
        "type": "message",
        "user": "U06H7NYLQ",
        "text": "for our build job should be all we need",
        "ts": "1434912500.000063"
    },
    {
        "type": "message",
        "user": "U06GU12K1",
        "text": "The cookbook has simple resources for plugin installation and configuring slaves, so those bits should be easy. Cool.",
        "ts": "1434912507.000064"
    },
    {
        "type": "message",
        "user": "U06H7NYLQ",
        "text": "so if that can be maintained as a template or something, with the plugin list and slave node in place, it should all just work",
        "ts": "1434912519.000065"
    },
    {
        "type": "message",
        "user": "U06GU12K1",
        "text": "You don't happen to recall which of those plugins you added, vs the ones that came bundled? Not too important if not.",
        "ts": "1434912530.000066"
    },
    {
        "type": "message",
        "user": "U06H7NYLQ",
        "text": "hmm",
        "ts": "1434912569.000067"
    },
    {
        "type": "message",
        "user": "U06H7NYLQ",
        "text": "so any plugin that relates to SSH, Git, SCM or slack",
        "ts": "1434912596.000068"
    },
    {
        "type": "message",
        "user": "U06H7NYLQ",
        "text": "were the ones I installed",
        "ts": "1434912601.000069"
    },
    {
        "type": "message",
        "user": "U06H7NYLQ",
        "text": "it should be evident from the plugin names which ones these are - now I am not a 100% sure if that covers everything",
        "ts": "1434912621.000070"
    },
    {
        "type": "message",
        "user": "U06H7NYLQ",
        "text": "worse case we miss something we'll find out soon enough",
        "ts": "1434912630.000071"
    },
    {
        "type": "message",
        "user": "U06H7NYLQ",
        "text": "also, when this jenkins was setup, security was disabled",
        "ts": "1434912669.000072"
    },
    {
        "type": "message",
        "user": "U06H7NYLQ",
        "text": "so I enabled the matrix based security",
        "ts": "1434912675.000073"
    },
    {
        "type": "message",
        "user": "U06H7NYLQ",
        "text": "and created a couple user accounts",
        "ts": "1434912681.000074"
    },
    {
        "type": "message",
        "user": "U06GU12K1",
        "text": "Yeah, we'll want to plant credentials in some vaults or something",
        "ts": "1434912693.000075"
    }
]