[
    {
        "user": "U06F21XJR",
        "type": "message",
        "subtype": "channel_join",
        "text": "<@U06F21XJR|jenhin> has joined the channel",
        "ts": "1435179834.000002"
    },
    {
        "user": "U06F21XJR",
        "purpose": "drop in here suggested use cases to highlight either in the homepage of the app  or About",
        "type": "message",
        "subtype": "channel_purpose",
        "text": "<@U06F21XJR|jenhin> set the channel purpose: drop in here suggested use cases to highlight either in the homepage of the app  or About",
        "ts": "1435179834.000003"
    }
]