[
    {
        "type": "message",
        "user": "U06F25KCP",
        "text": "Rajiv has requested that we provide our github ID to ensure that everyone has access",
        "ts": "1434635339.000002"
    },
    {
        "type": "message",
        "user": "U06F25KCP",
        "text": "Github Username: Eldrew",
        "ts": "1434635341.000003"
    },
    {
        "user": "U06F27T8C",
        "type": "message",
        "subtype": "channel_join",
        "text": "<@U06F27T8C|sheyaml> has joined the channel",
        "ts": "1434636038.000010"
    },
    {
        "type": "message",
        "user": "U06F25KCP",
        "text": "If you haven't signed up for github please use the following link",
        "ts": "1434636045.000011"
    },
    {
        "type": "message",
        "user": "U06F25KCP",
        "text": "<https:\/\/github.com\/>",
        "attachments": [
            {
                "service_name": "GitHub",
                "title": "Build software better, together",
                "title_link": "https:\/\/github.com\/",
                "text": "GitHub is the best place to build software together. Over 9.9 million people use GitHub to share code.",
                "fallback": "GitHub: Build software better, together",
                "image_width": 1200,
                "image_height": 1200,
                "from_url": "https:\/\/github.com\/",
                "id": 1
            }
        ],
        "ts": "1434636046.000012"
    },
    {
        "type": "message",
        "user": "U06F25KCP",
        "text": "use your eglobaltech email for registration",
        "ts": "1434636063.000014"
    },
    {
        "type": "message",
        "user": "U06F27T8C",
        "text": "Here's my github username: SheyaML",
        "ts": "1434636110.000015"
    },
    {
        "user": "U06GY740J",
        "type": "message",
        "subtype": "channel_join",
        "text": "<@U06GY740J|eric.hanson.egt> has joined the channel",
        "ts": "1434645399.000002"
    },
    {
        "user": "U06GU12K1",
        "type": "message",
        "subtype": "channel_join",
        "text": "<@U06GU12K1|john.stange> has joined the channel",
        "ts": "1434655316.000002"
    },
    {
        "type": "message",
        "user": "U06GU12K1",
        "text": "jstange on Github",
        "ts": "1434655323.000003"
    }
]