[
    {
        "user": "U06F21XJR",
        "type": "message",
        "subtype": "channel_join",
        "text": "<@U06F21XJR|jenhin> has joined the channel",
        "ts": "1434559323.000002"
    },
    {
        "user": "U06F21XJR",
        "purpose": "Share similar apps",
        "type": "message",
        "subtype": "channel_purpose",
        "text": "<@U06F21XJR|jenhin> set the channel purpose: Share similar apps",
        "ts": "1434559325.000003"
    },
    {
        "type": "message",
        "user": "U06F21XJR",
        "text": "<http:\/\/www.researchae.com\/>",
        "attachments": [
            {
                "text": "ResearchAE is an interactive set of tools that makes it easy to search adverse event, recall, product label and clinical trials data via various APIs including openFDA without having to write any code.",
                "fallback": "ResearchAE is an interactive set of tools that makes it easy to search adverse event, recall, product label and clinical trials data via various APIs including openFDA without having to write any code.",
                "from_url": "http:\/\/www.researchae.com\/",
                "id": 1
            }
        ],
        "ts": "1434559337.000004"
    },
    {
        "type": "message",
        "user": "U06F21XJR",
        "text": "<http:\/\/rxpub.com\/>",
        "attachments": [
            {
                "text": "The physician's search engine of choice for prescription drug information.",
                "fallback": "The physician's search engine of choice for prescription drug information.",
                "from_url": "http:\/\/rxpub.com\/",
                "id": 1
            }
        ],
        "ts": "1434559430.000009"
    },
    {
        "type": "message",
        "user": "U06F21XJR",
        "text": "<http:\/\/www.iodine.com\/>",
        "attachments": [
            {
                "text": "Side effects, reviews, tradeoffs, and tips about thousands of medications from medical experts and people like you. Find what works on Iodine.",
                "fallback": "Side effects, reviews, tradeoffs, and tips about thousands of medications from medical experts and people like you. Find what works on Iodine.",
                "image_url": "http:\/\/www.iodine.com\/images\/sharing\/facebook-sharing-iodine-logo.jpg",
                "from_url": "http:\/\/www.iodine.com\/",
                "image_width": 476,
                "image_height": 250,
                "image_bytes": 136273,
                "id": 1
            }
        ],
        "ts": "1434559539.000011"
    },
    {
        "type": "message",
        "user": "U06F21XJR",
        "text": "<http:\/\/webmd.com>",
        "attachments": [
            {
                "service_name": "WebMD",
                "title": "WebMD - Better information. Better health.",
                "title_link": "http:\/\/webmd.com",
                "text": "The leading source for trustworthy and timely health and medical news and information. Providing credible health information, supportive community, and educational services by blending award-winning expertise in content, community services, expert commentary, and medical review.",
                "fallback": "WebMD: WebMD - Better information. Better health.",
                "from_url": "http:\/\/webmd.com",
                "thumb_url": "http:\/\/img.webmd.com\/dtmcms\/live\/webmd\/consumer_assets\/site_images\/logos\/webmd\/web\/webmd-logo-fb.jpg",
                "thumb_width": 200,
                "thumb_height": 200,
                "id": 1
            }
        ],
        "ts": "1434559575.000016"
    },
    {
        "type": "message",
        "user": "U06F21XJR",
        "text": "<http:\/\/visualizefda.com>",
        "ts": "1434559996.000018"
    }
]