[
    {
        "user": "U06GY740J",
        "type": "message",
        "subtype": "channel_join",
        "text": "<@U06GY740J|eric.hanson.egt> has joined the channel",
        "ts": "1434645399.000002"
    },
    {
        "type": "message",
        "user": "U06GY740J",
        "text": "<http:\/\/54.201.82.167\/RR_D\/?drug=ASPIRIN> (takes a few seconds to load)",
        "ts": "1434645444.000003"
    },
    {
        "user": "U06HB3LLR",
        "type": "message",
        "subtype": "channel_join",
        "text": "<@U06HB3LLR|rkadayam> has joined the channel",
        "ts": "1434674887.000002"
    }
]