[
    {
        "user": "U06LQ040J",
        "type": "message",
        "subtype": "channel_join",
        "text": "<@U06LQ040J|jared> has joined the channel",
        "ts": "1434985395.000003"
    },
    {
        "type": "message",
        "user": "U06F25KCP",
        "text": "Without craftsmanship, inspiration is a mere reed shaken in the wind.\n-Johannes Brahms",
        "ts": "1434986605.000004"
    },
    {
        "user": "U06LS18AG",
        "type": "message",
        "subtype": "channel_join",
        "text": "<@U06LS18AG|cgotcuegt> has joined the channel",
        "ts": "1434987559.000005"
    }
]