[
    {
        "type": "message",
        "user": "U06F25KCP",
        "text": "The sky is blue",
        "ts": "1434638787.000002"
    },
    {
        "type": "message",
        "user": "U06F25KCP",
        "text": "\u201cGreatness is sifted through the grind, therefore don\u2019t despise the hard work now for surely it will be worth it in the end.\u201d\n\u2013 Sanjo Jendayi",
        "ts": "1434639178.000003"
    },
    {
        "user": "U06GSS1QB",
        "type": "message",
        "subtype": "channel_join",
        "text": "<@U06GSS1QB|robert.patt-corner> has joined the channel",
        "ts": "1434639918.000004"
    },
    {
        "user": "U06GU12K1",
        "type": "message",
        "subtype": "channel_join",
        "text": "<@U06GU12K1|john.stange> has joined the channel",
        "ts": "1434641063.000005"
    },
    {
        "user": "U06GY740J",
        "type": "message",
        "subtype": "channel_join",
        "text": "<@U06GY740J|eric.hanson.egt> has joined the channel",
        "ts": "1434645399.000006"
    },
    {
        "type": "message",
        "user": "U06F25KCP",
        "text": "\u201cMy grandfather once told me that there were two kinds of people: those who do the work and those who take the credit. He told me to try to be in the first group; there was much less competition.\u201d\n\u2013 Indira Gandhi",
        "ts": "1434653609.000007"
    },
    {
        "user": "U06H7NYLQ",
        "type": "message",
        "subtype": "channel_join",
        "text": "<@U06H7NYLQ|jaibapna> has joined the channel",
        "ts": "1434656190.000008"
    },
    {
        "user": "U06HB3LLR",
        "type": "message",
        "subtype": "channel_join",
        "text": "<@U06HB3LLR|rkadayam> has joined the channel",
        "ts": "1434660223.000009"
    },
    {
        "type": "message",
        "user": "U06F25KCP",
        "text": "\"Opportunity is missed by most people because it is dressed in overalls and looks like work.\"\n- Thomas Edison",
        "ts": "1434676476.000010"
    }
]