[
    {
        "user": "U06F21XJR",
        "type": "message",
        "subtype": "channel_join",
        "text": "<@U06F21XJR|jenhin> has joined the channel",
        "ts": "1434550875.887985"
    },
    {
        "user": "U06F25KCP",
        "type": "message",
        "subtype": "channel_join",
        "text": "<@U06F25KCP|eldrew> has joined the channel",
        "ts": "1434551104.000002"
    },
    {
        "user": "U06F27T8C",
        "type": "message",
        "subtype": "channel_join",
        "text": "<@U06F27T8C|sheyaml> has joined the channel",
        "ts": "1434551223.000003"
    },
    {
        "user": "U06FG8ZR8",
        "type": "message",
        "subtype": "channel_join",
        "text": "<@U06FG8ZR8|mpandurangi> has joined the channel",
        "ts": "1434565624.000004"
    },
    {
        "user": "U06FLV9PA",
        "type": "message",
        "subtype": "channel_join",
        "text": "<@U06FLV9PA|zach> has joined the channel",
        "ts": "1434570933.000005"
    }
]